year,ISO_code,countries,ECONOMIC FREEDOM,rank,quartile,1a_government_consumption,1b_transfers,1c_gov_enterprises,1_size_government,2c_protection_property_rights,2e_integrity_legal_system,2j_gender_adjustment,2_property_rights,3a_money_growth,3b_std_inflation,3c_inflation,3d_freedom_own_foreign_currency,3_sound_money,4a_tariffs,4c_black_market,4d_control_movement_capital_ppl,4_trade,5a_credit_market_reg,5_regulation
1970,CHL,Chile,3.58,53,4,7.202496904,5.944246489,2,5.048914464,0,7.875,0.777777778,1.019288889,4.530253934,7.54,1.862,10,5.983063483,4.6,0.2,2,2.266666667,6.148481816,5.134636847
1970,COL,Colombia,4.81,41,4,8.432819389,9.332425068,4,6.216409694,2.3,2.825,0.888888889,2.659762238,7.985569258,8.98,8.02,0,6.246392314,4.6,7.8,0,4.133333333,8,5.157306667
1970,ECU,Ecuador,4.22,52,4,8.006411673,8.86239782,2,5.003205837,2.3,6.675,0.888888889,2.659762238,8.689357313,9.284,8.174,0,6.536839328,0.4,5.6,2,2.666666667,5.315315315,4.360714387
1970,ISL,Iceland,5.95,28,3,6.672593665,7.343324251,7,6.836296832,8.3,10,1,7.09436087,8.693531518,7.564,6.714,0,5.742882879,3.333333333,9,0,4.111111111,9.209209209,5.395794532
1970,IRN,Iran,5.77,32,3,2.318399362,8.959202209,2,5.479601105,4.9,2.05,0.555555556,3.651221418,9.64,9.56,9.666,5,8.4665,2.4,9,5,5.466666667,9.72972973,3.739907668
1970,KOR,"Korea, South",5.84,31,3,8.461119061,9.873621,6,8.11158002,6.5,6.8,0.777777778,5.193085991,5.674572867,9.288,6.174,0,5.284143217,8.333333333,6,0,4.777777778,9.95995996,4.815577063
1970,MEX,Mexico,6.78,15,2,9.353526639,9.524127003,4,7.625884547,4.9,7.075,1,4.694427536,9.305004477,9.212,8.208,10,9.181251119,4.8,10,2,5.6,4.724724725,4.870344531
1970,MAR,Morocco,4.74,43,4,7.627118441,8.760217984,2,4.813559221,3.6,2.05,0.444444444,2.712177857,9.474489101,9.024,9.306,0,6.951122275,5.666666667,7.8,0,4.488888889,5,4.5876015
1970,NGA,Nigeria,4.28,49,4,9.017051401,9.91904849,10,9.64536663,2.8,1.625,0.925925926,3.013355341,8.388710053,2.068,0,0,2.614177513,5.6,0,0,1.866666667,2,4.821793333
1970,ARG,Argentina,5.67,33,3,7.928460123,7.738419619,4,5.964230062,3.6,5.775,0.888888889,3.546694123,6.412953636,6.216,8.84,10,7.867238409,2.376666667,10,2,2.758888889,6.979479479,5.30538974
1970,AUS,Australia,6.93,14,2,6.166002746,7.602179837,4,5.083001373,9.6,10,1,8.033465217,9.964861541,9.608,8.904,10,9.619215385,7.533333333,10,2,6.511111111,7.921921922,5.386294426
1970,AUT,Austria,6.51,19,2,5.453119774,6.065440216,2,5.759279995,9.075,10,0.333333333,8.001915612,9.742178307,9.708,9.052,5,8.375544577,8.266666667,10,2,6.755555556,7.156156156,5.161494745
1970,BEL,Belgium,7.44,6,1,6.393464462,4.476514484,6,5.434989473,10,10,0.555555556,6.491722224,9.748076383,9.724,9.09,10,9.640519096,9.733333333,10,10,9.911111111,8.458765392,5.700799363
1970,BRA,Brazil,5.28,38,3,7.592824174,5.925411587,4,6.12955894,7,6.7,0.555555556,4.78742174,5.459782711,6.92,6.576,5,5.988945678,5.6,7.2,0,4.266666667,6.442776109,5.241610598
1970,CAN,Canada,8,3,1,3.768244588,7.792915531,8,4.89029003,10,10,1,8.3465,9.925546959,9.812,9.036,10,9.69338674,8.4,10,8,8.8,9.065732399,8.2572162
1970,COD,"Congo, Dem. R.",4.26,51,4,7.207953604,9.918256131,0,3.603976802,1.825,1.625,0.333333333,1.593123576,6.957202272,0,9.34,10,6.574300568,0,6.2,2,2.733333333,3.438438438,4.130111942
1970,DNK,Denmark,7.39,9,1,3.738410981,4.877384196,6,3.345331096,9.9,10,1,8.242155072,9.311825939,9.724,8.332,0,6.841956485,8.733333333,10,5,7.911111111,9,6.55165
1970,FIN,Finland,7.12,11,1,5.782667744,6.267029973,7,6.391333872,8.3,10,1,7.09436087,8.973869207,8.768,9.23,5,7.992967302,9,10,2,7,9.61961962,7.09855981
1970,FRA,France,6.51,19,2,5.811066568,5.083300856,5.5,5.447183712,8.7,9.55,0.888888889,6.995873672,9.838385504,9.436,8.874,0,7.037096376,9.733333333,9.6,2,7.111111111,8.463129796,5.952314898
1970,DEU,Germany,7.4,8,1,5.175827167,6.103542234,6.25,4.426456467,10,9.55,1,8.3465,9.42,9.16,9.312,10,9.473,9.666666667,10,8,9.222222222,7.802802803,5.548818068
1970,GRC,Greece,6.47,21,2,8.520863945,9.608504109,6,8.043122685,6.1,8.275,1,5.529186957,9.634558746,9.564,9.218,5,8.354139686,6.866666667,9.6,2,6.155555556,4.901568235,4.254200784
1970,GTM,Guatemala,6.69,17,2,9.057256948,9.939074503,8,8.99877715,1.875,1.625,0.777777778,2.135930989,9.759623984,9.204,9,0,6.990905996,5.933333333,8.2,2,5.377777778,8.75975976,5.412216196
1970,HKG,Hong Kong,8.34,1,1,8.865154958,9.904632153,10,9.621718319,9.1,9.55,1,7.720430435,8.97,8.256,8.288,10,8.848,10,10,5,8.333333333,10,7.159230848
1970,IND,India,5.08,40,3,8.685788321,8.882833788,4,4.228596107,4.1,7,0.777777778,3.616318197,9.161451918,8.152,9.668,0,6.745362979,0.066666667,0,0,2.888888889,5.305972639,5.734127638
1970,IDN,Indonesia,4.27,50,4,9.035636652,9.395021125,2,6.810219259,4.5,2.05,0.333333333,2.920928502,0,0,7.276,10,4.319,5.4,6.6,0,4,1,3.311983333
1970,IRL,Ireland,6.75,16,2,6.9026986,6.532399257,6,6.478365952,10,7.875,1,8.3465,9.604475842,8.916,8.054,0,6.643618961,5.4,10,5,6.8,6.437725628,5.487090461
1970,ISR,Israel,4.79,42,4,0.798435718,7.202709474,10,4.000572596,7.4,3.325,0.962962963,6.348508132,9.340619047,8.052,8.086,0,6.369654762,4.066666667,4,2,3.355555556,2.967967968,3.871263418
1970,ITA,Italy,6.37,23,2,6.393278752,5.877725148,5,6.13550195,7,8.3,0.888888889,5.813297826,7.796437888,9.264,8.626,0,6.421609472,9.866666667,9.6,5,8.155555556,6.932599266,5.328382966
1970,JPN,Japan,7.68,5,1,8.100443168,9.702444604,10,9.267629258,9.6,9.55,1,8.033465217,9.288096484,9.724,8.708,0,6.930024121,8.133333333,9.8,2,6.644444444,7.153153153,7.53315991
1970,KEN,Kenya,5.11,39,3,5.509456918,9.69568157,4,4.801284622,4.9,4.125,1,4.694427536,8.905429389,7.748,6.936,0,5.897357347,6.266666667,3.8,0,3.355555556,7.958958959,6.821103517
1970,LUX,Luxembourg,8.01,2,1,7.75181709,5.297140689,7.25,6.524478889,10,10,1,8.3465,9.41213246,8.044,6.982,10,8.342,9.873333333,10,10,9.957777778,10,6.898943798
1970,MDG,Madagascar,5.43,35,3,7.598448312,9.005215125,0,5.534554479,2.0875,5.4375,0.555555556,2.998970707,9.137397167,9,8.62,0,8.919132389,0,9.6,0,3.2,4.74974975,4.066804371
1970,MYS,Malaysia,6.25,24,2,5.473986054,8.138631164,4,5.870872406,6.5,7.075,0.777777778,5.193085991,9.710394669,8.844,9.922,0,7.119098667,4.666666667,9.8,5,6.488888889,7.43993994,6.601697423
1970,NLD,Netherlands,7.01,13,1,5.806561589,5.03669185,4,4.947751146,10,10,0.888888889,7.882805556,9.526388248,9.608,8.766,10,9.475097062,8.866666667,10,2,6.955555556,8.908908909,5.771437788
1970,NZL,New Zealand,6.62,18,2,6.745411073,4.40054496,4,5.372705536,9.6,10,1,8.033465217,9.626951697,7.776,7.336,0,6.184737924,8.2,7.8,5,7,6.483983984,6.504308659
1970,NOR,Norway,6.19,26,2,4.712997857,4.535194054,4,4.41606397,9.1,10,1,7.720430435,9.005655854,8.56,7.438,0,6.250913964,8.933333333,10,0,6.311111111,8.358358358,6.264162513
1970,ALB,Albania,4.714375,91,4,7.732944592,4.86886921,4.6875,4.927106069,4.725,6.6375,0.962962963,5.140078938,3.288782926,9.63,9.956175,0,6.528725,5.842083333,0,0,5.894476496,1.421285885,3.127621817
1970,DZA,Algeria,3.74,93,4,5.536332368,8.037037164,7,6.268166184,3.6,3.25,0.5,2.816492391,7.844102442,9.352,8.916,0,6.52802561,7.16,0,0,2.386666667,0,2.885457246
1970,AGO,Angola,4.020102539,140,4,2.290950956,8.638175478,0,3.643042145,4.114583333,5,0.555555556,3.151532852,1.193843545,0,5.921209472,1.667480469,2.195633371,8.393836676,10,2.377641254,6.198483801,7.111328125,4.91041819
1970,ARM,Armenia,7.343349609,39,2,8.342518712,8.503262304,4.671875,7.836445254,3.205248495,5,1,5.133412352,8.527113725,9.027877002,9.029176143,10,9.146041717,8.54485243,10,6.745928605,7.574740827,9.330775368,7.029515461
1970,AZE,Azerbaijan,6.130058594,94,3,7.064775749,7.08719346,0.671875,5.287992302,3.469943379,6.460760091,0.923076923,5.464367116,8.731052207,8.166869847,8.324495892,5,7.298892399,7.530148438,10,4.114674843,6.218132817,7.602112004,6.287646343
1970,BHS,Bahamas,6.355,18,1,6.698034547,9.752465748,7,8.424508637,6.025,6.6375,0.945945946,5.557318638,9.010418723,9.296,8.77,0,9.033,4.733333333,7.2,0,3.977777778,9.73973974,6.995451224
1970,BHR,Bahrain,7.1925,10,1,2.436966728,9.856948229,3,6.13231916,6.025,6.6375,0.536585366,4.388248559,7.9,9.44,9.674,10,9.004666667,9.336666667,10,2,7.112222222,10,7.115811175
1970,BGD,Bangladesh,3.285,86,4,9.944376715,9.277929155,1,4.648125572,2.2,1.625,0.777777778,2.239824207,7.424304486,7.012,9.898,0,8.455,2.633333333,0,0,0.877777778,0,4.823346636
1970,BRD,Barbados,5.695,32,2,6.996041108,9.339555062,8,8.11186539,6.025,6.6375,0.871794872,5.345554715,9.668096159,9.08,8.532,0,9.093365386,6.6,6.9,0,4.733333334,9.54954955,6.648770905
1970,BLZ,Belize,5.5425,42,2,6.521952874,9.359673025,2,5.323714483,5.581296018,0,0.837837838,6.442286013,8.658209152,8.952,8.526,0,8.739,4.316666667,3.4,5,3.905555555,8.614114114,6.848391263
1970,BEN,Benin,4.485,75,3,8.740515711,10,0,4.370257855,3.95,5.55,0.111111111,2.533968134,8.809841889,9.3,8.99,0,6.774960472,3.4,9.6,0,4.333333334,4.87987988,5.068799912
1970,BOL,Bolivia,3.94,88,4,7.036137711,9.877208511,2,5.938604255,1.2,1.625,0.777777778,2.038545904,9.323539474,9.4,9.232,10,9.488884868,2.6,2.2,2,2.266666667,3.343343343,3.811055219
1970,BWA,Botswana,5.42,47,2,5.580960299,9.7352221,4,6.438727466,6.025,8.2375,1,6.298806311,9.46675708,9.492,9.784,0,9.638,3.93,4.6,5,5.917777778,7.796796797,6.456791116
1970,BGR,Bulgaria,5.65,40,2,9.040147781,5.367847411,0,6.743014809,8.7,8.2,1,7.248060391,6.002024626,8.0175,8.007,0,5.7083125,7.16,0,0,2.386666667,0,4.080875427
1970,BDI,Burundi,3.945,73,4,8.783422794,9.327695667,0,4.391711397,3.95,5.55,0.862068966,4.24658108,9.142056545,8.432,8.964,0,8.846018848,0.933333334,5.4,0,0.611111111,3.152152152,5.020196238
1970,CMR,Cameroon,5.52,46,2,7.492543256,9.836512262,2,4.746271628,4.45,7.739136905,0.555555556,4.509906283,8.433494173,6.82,8.424,0,5.919373543,1.866666667,9.6,0,3.822222223,0,5.157306667
1970,CAF,Central Afr. Rep.,4.315,80,3,5.317450487,9.624520367,0,2.658725244,3.95,5.55,0.666666667,3.800952202,8.735643491,7.268,9.102,0,6.276410873,3.1,9.6,0,4.25,0,2.801749253
1970,TCD,Chad,4.705,77,4,4.804615152,9.899523161,0,5.007638947,3.95,5.55,0.793103448,4.089300299,8.966546665,9.42,9.228,0,6.903636666,5.775,9.6,0,4.822222222,2,4.195728476
1970,COG,"Congo, Rep. Of",3.051666667,72,3,6.712618587,9.744624132,7,7.819080906,3.55,5.125,0.793103448,3.822142749,8.456103875,8.56,9.258,0,6.568525969,4.88,9.6,0,4.826666667,0,5.241185
1970,CRI,Costa Rica,6.11,29,2,7.47916025,9.805628384,6,7.761596211,4.65,6.675,1,5.218013449,9.212966908,9.108,8.536,10,9.214241727,7.266666667,10,5,7.422222222,9.67967968,7.086928145
1970,CIV,Cote d'Ivoire,5.235,52,2,6.130031002,9.116811631,4,5.065015501,6.025,5.7,0.555555556,4.478498313,9.042607655,9.22,9.402,0,6.916151914,3.171666667,9.6,0,4.273888889,4.278278279,6.101725064
1970,HRV,Croatia,5.4925,89,4,2.113870617,5.479195626,7.65625,4.850930279,3.177083375,8.333333333,0.962962963,6.378416949,2.84605959,3.146818028,2.625,5,2.765625,7.484583333,2.625,0.625,6.116979167,1.360730744,5.214170518
1970,CYP,Cyprus,5.8,33,2,6.66488145,9.082939696,10,9.541469848,6.225,4.45,0.897435897,4.739515729,7.200532014,8.814,9.52,0,4.76,6.2,9.8,0,5.333333333,8.53953954,5.927198937
1970,CZE,Czech Rep.,6.096875,69,3,3.034325914,0.749318801,10,3.511111391,7.85,8.2375,0.962962963,6.82704848,7.330264227,6.101789533,8.365367592,5,6.699355338,8.370208333,10,0,8.036900135,0,4.138069149
1970,DOM,Dominican Rep.,5.525,43,2,7.904481805,9.594571801,6,7.833017869,4.325,8.275,0.777777778,5.365928226,9.173248085,9.136,9.58,0,6.972312021,0,5.6,2,2.533333333,6.726726727,6.726226123
1970,EGY,Egypt,4.035,70,4,3.706966016,4.386920981,2,2.853483008,0,3.325,0.777777778,1.019288889,9.556857806,9.472,9.56,0,7.147214452,0.446666667,0,0,3.148888889,4.467133801,4.555404462
1970,SLV,El Salvador,4.175,83,4,8.117358778,9.427792916,10,9.058679389,1.875,1.625,1,2.402922362,9.672669386,9.16,9.032,0,6.966167346,3.733333333,6.4,2,4.044444444,9.88988989,5.377371844
1970,EST,Estonia,6.7009375,45,2,4.953050417,6.275777012,8,5.460533704,5.227944683,6.666666667,1,7.278062881,2.860422286,7.3485,6.775,5,7.158875,9.785833333,3.125,2.5,5.136944445,1.5625,7.058406651
1970,GAB,Gabon,4.605,70,3,1.493930906,9.291553134,6,3.746965453,4.9,3.25,0.555555556,3.560317641,9.314165087,9.004,9.916,0,7.058541272,3.8,9.6,0,4.466666667,0,5.241185
1970,GHA,Ghana,3.215,84,4,7.431675904,9.485773469,2,4.729362343,2.825,1.625,0.777777778,2.511201114,9.671760157,7.596,9.416,0,6.670940039,0,0,0,0,6.076076076,4.825529656
1970,GNB,Guinea-Bissau,2.96875,114,4,5.698970236,0,0,4.520607323,1.7625,1.5125,0.794871795,2.102954647,0.834931002,8.698,8.131,0,5.609666667,5.3171875,5.7,0,3.558934295,4.056869369,3.834333765
1970,GUY,Guyana,3.594375,103,4,5.347208495,0,2,3.688015122,2.55,0.35,0.923076923,2.116211152,9.48567283,9.188,9.392,0,9.355224277,5.786666667,8.2,0,4.662222222,6.816816817,6.055335916
1970,HTI,Haiti,5.255,53,2,8.733894786,8.478967984,8,8.366947393,3.125,0.35,0.891891892,2.275377783,8.317255504,9.312,9.058,10,9.171813876,3.865,10,0,3.955,9.229229229,5.82088168
1970,HND,Honduras,5.5125,45,2,7.806897078,9.961386586,4,7.256094555,2.65,2.05,0.888888889,2.673625701,9.242356022,9.616,9.11,10,9.492089005,5.733333333,4,2,3.911111111,9.039039039,5.912295629
1970,HUN,Hungary,4.1725,84,4,7.3346652,1.532697548,0,3.6673326,7.85,8.2375,1,6.955860716,8.36,9.288,9.02,0,6.102666667,6.883333334,0,0,2.294444444,0,3.704779943
1970,JAM,Jamaica,4.2575,79,4,7.016075659,8.671662126,4,3.67202522,4.025,2.05,1,3.338128273,8.470615267,9.228,8.884,0,8.860871756,7.691666667,8.8,2,4.163888889,8.148148148,5.791337447
1970,KWT,Kuwait,4.1325,81,4,4.115230857,7.472241145,1.5,2.527298488,1.95,6.0625,0.592592593,2.262970883,6.443470907,9.704,9.886,10,9.863333333,9.2,10,2,7.066666667,10,5.133797224
1970,LVA,Latvia,6.21625,63,3,6.528613714,5.391691339,5.96875,5.334338928,3.767960807,8.333333333,1,6.808095954,2.405049205,8.359,6.83575,5,5.3516875,9.070416667,3,2.5,8.733234583,6.600231908,5.327743426
1970,LTU,Lithuania,5.9684375,34,1,4.58094256,7.16991228,9.333984375,5.574405601,3.352779235,7.786458333,1,2.260490944,2.569095021,2.094371976,7.60125,5,5.72328125,8.404017801,3.125,2.5,8.628948525,1.387324825,5.229177683
1970,MWI,Malawi,4.8,59,3,6.370051494,9.638097666,8,8.002716387,5.1,2.05,0.888888889,3.508839552,9.061025057,8.4,8.244,0,6.426256264,6.6,6.8,2,5.133333333,8.558558559,5.550502097
1970,MLI,Mali,5.8,29,2,8.519991568,9.509536785,10,9.259995784,2.425,5.125,0.714285714,3.375314615,9.132,6.884,8.778,0,6.1985,2.916666667,9.4,0,3.905555556,8.708708709,5.928122522
1970,MLT,Malta,5.5125,44,2,5.901472182,6.518287058,4,5.47325308,4.4,3.175,1,3.879664112,9.374111909,8.928,9.468,0,9.25670397,4.933333333,9.4,2,5.444444444,4.244244244,5.666370065
1970,MUS,Mauritius,5.055,50,3,7.287947271,9.257890431,4,6.848612568,6.025,8.2375,1,6.298806311,9.982251685,9.184,9.686,0,9.617417228,5.6,0,2,2.533333333,8.078078078,6.538150581
1970,NAM,Namibia,5.13125,77,3,2.876856509,9.24709767,0,1.438428254,2.040625,5.39375,0.25,2.701454042,7.332327309,7.343,6.272,0,4.538333333,8.29,6.65,2,5.67162037,7.848696294,6.784108923
1970,NPL,Nepal,5.645,38,2,9.416391904,9.61943692,2,6.708195952,5.036311231,0,0.555555556,4.115926903,9.123215494,7.204,8.59,0,6.229303874,0.6,0,0,0.2,0,5.225882872
1970,NIC,Nicaragua,3.11,102,4,8.532643792,9.250681199,4,6.266321896,1.95,2.05,0.888888889,2.440351004,8.888854159,8.912,9.774,10,9.39371354,7,6.2,5,6.066666667,0.550550551,2.934992626
1970,NER,Niger,5.09,51,3,9.146183771,9.522016562,4,6.573091886,3.875,6,0.285714286,3.018532015,9.486547572,7.756,8.572,0,6.453636893,4.966666667,9.6,0,4.855555556,9.55955956,5.315659557
1970,OMN,Oman,6.46875,24,1,0.05129959,9.267650853,0,3.106316814,4.725,7.6375,0.586206897,4.447871077,6.967134377,7.572,8.754,10,8.163,9.466666667,10,2,7.090277778,6.947447448,7.13720057
1970,CHN,China,3.935,89,4,5.372169889,8.28595453,0,2.94722792,6.35,8.2375,0.666666667,6.408578622,6.534402524,8.404,9.056,0,5.82,3.041666667,2,0,3.080555556,0,3.225840285
1970,JOR,Jordan,4.98,52,3,3.473991349,8.501362398,0,3.149502165,2.075,2.05,0.555555556,2.039710947,6.44,7.334,8.82,0,4.41,5.366666667,8.8,2,5.755555556,9.309309309,5.365796214
1970,MMR,Myanmar,3.7375,93,4,8.299412053,0,2,5.766470685,3.75,7,0.926829268,4.825988731,8.871000576,7.608,9.714,0,6.548250144,2.4,0,0,0.8,2.472472472,3.302747481
1980,ALB,Albania,4.6875,91,4,7.702251055,4.598092643,4.75,4.78028992,4.7,6.65,0.962962963,5.135285294,3.587763192,9.628,9.9649,0,6.530966667,5.855,0,0,5.893974359,1.137028708,2.996737453
1980,DZA,Algeria,3.79,91,4,4.649980982,8.055018992,4,4.324990491,4,3.3,0.625,3.059836441,8.352396985,7.7,4.868,0,5.230099246,7.66,0,0,2.553333333,0,2.895045988
1980,CAF,Central Afr. Rep.,4.29,78,3,7.673209104,9.624511985,0,3.836604552,4,5.8,0.666666667,3.888272953,7.155775943,7.504,6.346,0,5.251443986,2.933333333,9.6,0,4.177777778,0,4.331747395
1980,SLV,El Salvador,4.12,82,4,6.970276561,9.400544959,7,6.59270538,2.2,1.7,1,2.539384205,8.520664415,7.388,6.61,0,5.629666104,3.133333333,0,2,1.711111111,9.84984985,5.376952032
1980,HTI,Haiti,5.35,49,2,8.541666728,8.589577657,8,8.270833364,3,0,0.891891892,2.110412244,8.401228772,6.668,5.722,10,7.697807193,3.93,6,0,3.31,10,5.820356915
1980,ARG,Argentina,4.25,80,4,6.911764706,7.493188011,4,6.101238179,5.2,3.3,0.888888889,3.966360132,0,0,0,10,2.5,4.053333333,9.8,0,4.617777778,4.446112779,4.088039723
1980,AUS,Australia,6.85,12,1,4.932586425,7.384196185,6,5.079195653,7,10,1,7.262192771,8.56638948,9.396,8.032,10,8.99859737,7.35,9.8,2,6.383333333,8.379045712,6.53086844
1980,AUT,Austria,6.45,18,1,4.46477744,4.114441417,2,3.144804714,9.2,10,1,8.042893976,9.965590846,9.64,9,5,8.401397712,8.606666667,10,2,6.868888889,6.959292626,5.793729646
1980,BHS,Bahamas,6.28,22,1,6.807833799,10,7,8.45195845,6,6.65,0.945945946,5.554871705,8.432383122,8.584,7.998,0,6.25359578,4.32,6,0,3.44,8.619285953,6.984746031
1980,BHR,Bahrain,7.39,7,1,3.249288971,9.809264305,6,7.264638319,6,6.65,0.536585366,4.386316377,6.38,6.808,9.22,10,8.102,9.393333333,10,2,7.131111111,8.70970971,7.072990404
1980,BGD,Bangladesh,3.28,101,4,9.888753429,9.277929155,2,4.296251143,2.2,1.7,0.777777778,2.257230405,7.028608971,4.228,7.322,0,4.644652243,0.533333333,0,0,0.177777778,3.438104771,5.029096241
1980,BRD,Barbados,5.72,33,2,6.094915195,10,8,6.273728799,6,6.65,0.871794872,5.343201023,7.168853991,7.588,5.488,0,5.061213498,7.533333333,7.8,0,5.111111111,7.192525859,6.446211867
1980,BEL,Belgium,7.35,9,1,5.425360131,3.051771117,6,3.619282812,8.6,10,1,7.82603253,9.780269388,9.376,9.164,10,9.580067347,9.02,10,10,9.673333333,8.599455478,6.045811073
1980,BLZ,Belize,5.59,39,2,6.102729276,9.427792916,0,5.176840731,5.581257173,0,0.837837838,6.442286013,8.50380836,8.496,7.72,0,6.17995209,4.2,3.2,5,4.133333333,8.109109109,6.871480894
1980,BEN,Benin,4.56,70,3,9.346637083,10,0,4.673318541,4,5.8,0.111111111,2.592181968,8.217030254,8.74,7.962,0,6.229757564,2.933333333,9.6,0,4.177777778,5.313313313,5.147231191
1980,BOL,Bolivia,4.08,83,4,6.74874601,9.70027248,0,4.862254622,1.6,1.7,0.888888889,2.193493717,7.185490514,3.812,0.54,10,5.384372628,4.8,5.6,2,4.133333333,2.487487487,3.811055219
1980,BWA,Botswana,5.34,50,2,3.677164917,8.801089918,2,3.619563709,6,8.25,1,6.294064665,9.318181664,6.44,6.184,0,5.485545416,4.793333333,8,5,5.931111111,6.474474474,6.323039179
1980,BRA,Brazil,3.92,86,4,8.338574665,6.757493188,2,5.274016963,6.4,6.7,0.555555556,4.55572781,3.257959871,3.372,0,0,1.657489968,3.333333333,6.4,0,3.244444444,5.262262262,4.885140276
1980,BDI,Burundi,3.92,86,4,9.069700184,9.332467604,0,4.534850092,4,5.8,0.862068966,4.344139436,7.909655454,7.604,6.724,0,5.559413863,0,1,0,0.333333333,2.938271605,4.840432963
1980,CMR,Cameroon,5.55,45,2,8.178992102,9.918256131,7,8.365749411,4.6,8.3,0.555555556,4.497705325,7.827982054,7.648,7.15,0,5.656495513,2.666666667,9.6,0,4.088888889,3,5.157306667
1980,CAN,Canada,7.77,4,1,3.285766157,6.185286104,10,5.367763065,6.7,10,1,7.175448193,9.243164966,9.32,7.8,10,9.090791241,8.08,10,8,8.693333333,9.71971972,8.525543193
1980,CHL,Chile,5.05,57,3,7.359853613,6.621253406,4,4.995276755,6.4,8.3,0.777777778,5.718531845,0,0,4.248,5,2.312,8.711111111,8.8,2,6.503703704,7.543209877,5.697855926
1980,CHN,China,3.64,94,4,5.25203699,8.285507493,0,2.626018495,6,8.25,0.666666667,6.284587919,6,9.476,9.244,0,6.18,3.15,5,0,2.716666667,0,3.037680214
1980,COL,Colombia,4.59,69,3,8.068550921,9.346049046,2,5.353649992,4.6,3.3,1,3.982813988,6.629701536,8.332,4.478,0,4.859925384,4.05,6.8,0,3.616666667,8,5.157306667
1980,COD,"Congo, Dem. R.",2.84,102,4,9.035528047,9.972752044,0,5.002070023,1.7,1.7,0.333333333,1.577263365,4.38896821,0,0,0,1.097242052,4.206666667,0,2,2.068888889,4.344344344,4.434055452
1980,COG,"Congo, Rep. Of",4.67,66,3,3.723714539,9.390916785,2,2.861857269,4,5.8,0.793103448,4.183245383,8.775906018,7.036,5.972,0,5.445976505,7.466666667,9.6,0,5.688888889,3,5.157306667
1980,CRI,Costa Rica,5.52,46,2,5.367179227,8.501362398,4,5.717135406,4.6,6.7,1,5.206779988,7.717603773,8.216,6.234,10,8.041900943,3.233333333,0,2,1.744444444,8.183183183,6.896333734
1980,CIV,Cote d'Ivoire,5.2,52,2,5.539485068,9.005449591,2,5.386233665,6,5.4,0.555555556,4.382655164,8.661860148,6.18,5.172,0,5.003465037,2.983333333,9.6,0,4.194444444,6.556556557,6.206163664
1980,CYP,Cyprus,5.56,44,2,6.773880547,8.337874659,8,6.027938802,6.7,4.9,0.897435897,5.057593204,6.4,9.056,7.3,0,5.689,6.956666667,9.2,0,5.385555556,7.093093093,5.150505721
1980,DNK,Denmark,6.24,24,1,1.760821554,4.46866485,6,3.057371601,6.7,10,1,7.175448193,8.69852286,9.672,8.354,0,6.681130715,8.953333333,9.6,5,7.851111111,9.412746079,6.435356373
1980,DOM,Dominican Rep.,5.59,39,2,9.123777875,9.70027248,4,5.706012589,4.6,8.3,0.888888889,5.461499322,8.963129272,8.144,7.26,5,7.341782318,3.466666667,2.6,2,2.688888889,7.788788789,6.764009156
1980,ECU,Ecuador,5.7,36,2,6.007527953,8.801089918,2,5.452154468,6.4,6.7,0.888888889,5.531955196,8.134780972,8.376,6.098,10,8.152195243,5.2,7.4,2,4.866666667,5.422422422,4.519906899
1980,EGY,Egypt,4.32,77,3,6.332536392,5.449591281,4,3.945531918,2.8,1.7,0.777777778,2.449996134,6.289449783,8.116,6.394,10,7.699862446,0.893333333,8.2,0,3.031111111,3.934267601,4.459737822
1980,FIN,Finland,6.5,16,1,4.431754493,6.239782016,7,4.667884127,5.8,10,1,6.82846988,8.815768294,9.272,8.05,5,7.784442073,8.693333333,9.8,2,6.831111111,8.629963297,6.383731648
1980,FRA,France,6.05,27,2,4.838436625,3.024523161,6,4.215739946,5.8,10,0.888888889,6.449110442,8.188823887,9.692,7.724,0,6.401205972,8.953333333,9.4,2,6.784444444,8.909576243,6.420871455
1980,GAB,Gabon,4.38,75,3,1.883675015,9.604904632,8,4.941837508,4.5,3.3,0.75,3.447011486,8.28241313,5.432,2.644,0,4.089603282,3.236666667,9.6,0,4.278888889,3,5.157306667
1980,DEU,Germany,7.18,11,1,4.029411765,5.340599455,6,4.342502805,8.2,10,1,7.695915663,9.18,9.644,8.9,10,9.431,8.953333333,10,8,8.984444444,7.609275943,5.452054638
1980,GHA,Ghana,2.83,103,4,8.31069894,9.482288828,4,5.698246942,2.8,1.7,0.777777778,2.449996134,3.23234524,3.172,0,0,1.60108631,0,0,0,0,1.764431098,4.397363929
1980,GRC,Greece,5.72,33,2,7.443712634,8.585831063,4,5.757385924,4,8.3,1,5.565902542,7.9395244,9.06,6.462,5,7.1153811,8.053333333,8.6,2,6.217777778,4.244911578,3.925872456
1980,GTM,Guatemala,6.27,23,1,9.070203158,9.809264305,4,7.719866866,2.2,1.7,0.777777778,2.257230405,9.256536484,8.556,8,10,8.953134121,3.4,8,5,5.466666667,8.526526527,6.949733754
1980,HND,Honduras,5.44,47,2,7.279101223,9.754768393,4,6.426367074,2.8,1.7,0.888888889,2.603120892,8.887788657,8.812,7.346,10,8.761447164,3.666666667,6,0,3.222222222,6.099099099,6.197095736
1980,HKG,Hong Kong,8.72,1,1,9.018180068,9.972752044,10,9.747733028,9.4,10,1,8.129638554,9.04,7.988,7.008,10,8.509,9.833333333,10,10,9.944444444,10,7.245898136
1980,HUN,Hungary,4.07,84,4,7.530608244,1.689373297,0,3.765304122,8,8.25,1,7.014297379,8.26,8.872,8.794,0,6.4815,6.666666667,0,0,2.222222222,3.561561562,3.817520315
1980,ISL,Iceland,5.15,54,3,5.231969654,7.247956403,8,5.119981514,5.8,10,1,6.82846988,3.567793719,6.92,0,0,2.62194843,6.873333333,8.2,2,5.691111111,5.203203203,5.502493817
1980,IND,India,5.02,58,3,8.336822354,8.664850136,2,5.000418122,4.6,8.3,0.777777778,5.140234657,9.356978225,8.096,7.692,0,6.286244556,0,9,0,3,5.222555889,5.681814761
1980,IDN,Indonesia,4.79,63,3,6.839528688,9.237057221,2,5.269146477,4.6,1.7,0.666666667,2.839024991,6.30105253,6.072,3.802,10,6.543763133,6.133333333,9.6,0,5.244444444,3.175842509,4.049382195
1980,IRN,Iran,3.53,97,4,3.442681077,8.228882834,2,4.55718797,0,1.7,0.555555556,1.367864556,4.64,7.66,5.318,10,6.9045,2.93,0,0,0.976666667,2.676009343,3.860718916
1980,IRL,Ireland,6.46,17,1,5.306297209,5.367847411,7,4.668536155,8.2,8.3,1,7.083932663,8.072568003,8.608,7.058,0,5.934642001,7.953333333,10,5,7.651111111,7.345471934,6.949719301
1980,ISR,Israel,3.5,98,4,0,4.46866485,10,1.822888283,6.4,1.7,0.962962963,3.982277023,3.128296793,0,0,5,2.032074198,6.6,9.8,2,6.133333333,1.748415082,3.522129954
1980,ITA,Italy,5.58,41,2,5.956349893,4.441416894,6,4.099441697,4.3,8.3,1,5.69601941,7.32777741,9.036,5.818,0,5.545444353,8.986666667,10,5,7.995555556,5.018685352,4.567426009
1980,JAM,Jamaica,3.98,85,4,4.682779404,9.114441417,2,2.227593135,4.2,1.7,1,3.27671312,6.544434315,7.884,6.332,0,5.190108579,8.05,0,2,3.35,5.063063063,5.849491832
1980,JPN,Japan,7.37,8,1,7.560938441,7.629427793,8,5.797591558,8.8,10,1,7.912777108,9.922964492,9.28,8.912,5,8.278741123,8.75,10,2,6.916666667,7.816149483,7.923324741
1980,JOR,Jordan,5.13,56,3,3.889159168,8.419618529,2,4.769592565,1.6,1.7,0.555555556,1.806406591,5.86,6.64,9.78,5,6.82,5.266666667,10,2,5.755555556,7.00950951,6.493386062
1980,KEN,Kenya,4.84,62,3,4.646784119,9.509536785,0,3.789080226,5.2,3.3,1,4.199675434,9.073246358,7.528,8.09,0,6.17281159,3.936666667,8,0,3.978888889,6.172839506,6.061328704
1980,KOR,"Korea, South",5.38,48,2,7.285940071,9.591280654,7,5.969305181,6.6,8.3,0.777777778,5.795638137,7.322714911,8.792,5.026,0,5.285178728,6.593333333,7.8,0,4.797777778,6.133133133,5.054320789
1980,KWT,Kuwait,3.69,92,4,3.945736542,7.469346049,2,2.972868271,1,5.35,0.592592593,1.465708054,7.163190441,2.068,1.486,10,5.17929761,9.2,10,2,7.066666667,7.414914915,5.128759486
1980,LUX,Luxembourg,8.05,3,1,6.542834761,2.983651226,7,6.77141738,8.6,10,1,7.82603253,9.223051907,8.56,8.416,10,9.049762977,9.086666667,10,10,9.695555556,10,6.898943798
1980,MDG,Madagascar,3.87,89,4,8.254141064,9.77520436,0,4.127070532,2.05,5.05,0.555555556,2.87948968,7.383665076,8.892,7.002,0,5.819416269,4.016666667,0,0,1.338888889,4.634634635,4.195938382
1980,MWI,Malawi,4.48,74,3,5.406203065,9.591280654,0,4.74937093,5.2,1.7,0.888888889,3.422375243,9.727162283,7.644,6.842,0,6.053290571,5.6,0.4,2,2.666666667,4.649315983,5.486270941
1980,MYS,Malaysia,6.61,15,1,4.517256486,8.828337875,4,4.83639859,8.4,6.7,0.777777778,5.861949548,8.812624485,8.776,8.626,10,9.053656121,6.373333333,10,5,7.124444444,6.299299299,6.180427524
1980,MLI,Mali,5.79,31,2,10,9.509536785,7,8.836512262,2.5,5.8,0.714285714,3.627603986,8.582240474,8.828,6.738,0,6.037060118,5.233333333,9,0,4.744444444,5.293293293,5.729341787
1980,MLT,Malta,5.57,42,2,5.880496724,6.811989101,6,4.673121456,4.7,3.2,1,3.998760906,9.679949275,8.8,7.52,0,6.499987319,6.733333333,7.6,2,5.444444444,5.149816483,5.675186106
1980,MUS,Mauritius,4.9,59,3,7.141022272,8.365122616,4,5.626536222,6,8.25,1,6.294064665,9.210666781,5.8,4.686,0,4.924166695,3.31,2,2,2.436666667,7.278278278,6.592726073
1980,MEX,Mexico,5.19,53,3,7.834085235,8.9373297,2,5.692853734,7.6,6.7,1,6.291087217,6.267175437,9.084,5.44,10,7.697793859,1.91,0,2,1.303333333,5.624958292,4.97380707
1980,MAR,Morocco,4.29,78,3,5.513020724,9.019073569,2,4.633023573,1.3,1.7,0.444444444,1.614728686,8.749773604,8.192,8.108,0,6.262443401,1.433333333,9.8,2,4.411111111,5.688188188,4.549419646
1980,MMR,Myanmar,3.81,90,4,8.298363807,0,2,5.766121269,3.4,8.3,0.926829268,5.153344471,9.262052873,8.588,9.752,0,6.900513218,0.533333333,0,0,0.177777778,0.4671338,3.026973321
1980,NPL,Nepal,5.77,32,2,9.547489689,9.619437053,4,6.773744844,5.036228828,0,0.555555556,4.115926903,8.068747914,7.856,8.478,0,6.100686979,4.923333333,10,0,4.974444444,3.998665332,5.240681226
1980,NLD,Netherlands,7.29,10,1,5.22961362,2.125340599,10,4.338738555,7.6,10,1,7.479054217,9.471185084,9.348,8.896,10,9.428796271,8.986666667,10,8,8.995555556,9.442776109,6.205038055
1980,NZL,New Zealand,6.44,19,1,5.121629237,4.16893733,4,3.822641642,9.2,10,1,8.042893976,9.108769497,9.2,6.928,0,6.309192374,7.866666667,10,5,7.622222222,6.179179179,6.38123959
1980,NER,Niger,4.62,67,3,8.192163988,9.455040872,0,5.88240162,4,5.8,0.285714286,2.999524849,5.916412865,7.86,5.836,0,4.903103216,4.4,9.6,0,4.666666667,4.302969636,4.638755529
1980,NGA,Nigeria,3.44,100,4,6.577270781,9.577656676,0,2.192423594,3.6,1.7,0.925925926,2.946523835,6.697357517,9.444,7.516,0,5.914339379,3.906666667,0,0,1.302222222,2,4.821793333
1980,NOR,Norway,5.72,33,2,3.362837841,4.114441417,4,2.869319815,6.4,10,1,7.045331325,9.414428536,8.948,7.376,0,6.434607134,9.28,9.4,2,6.893333333,7.185185185,5.354909259
1980,NIC,Nicaragua,3.49,99,4,6.089965527,9.019073569,0,5.027259774,2.3,1.7,0.888888889,2.439270022,5.906964819,4.556,2.676,10,5.784741205,2.1,0,0,0.7,0,2.842634101
1980,AGO,Angola,4.020410156,140,4,2.290513642,8.638260495,0,3.642924712,4.114583333,5,0.555555556,3.151536847,1.195591486,0,5.922486981,1.669921875,2.197000086,8.393835591,10,2.377526487,6.198454838,7.111979167,4.910720562
1980,ARM,Armenia,7.343398438,39,2,8.342787131,8.503512432,4.6875,7.83657489,3.201838628,5,1,5.132787972,8.528529555,9.027321752,9.027942715,10,9.145948505,8.546076389,10,6.747839183,7.575469875,9.330442022,7.029631664
1980,AZE,Azerbaijan,6.130234375,94,3,7.066341091,7.08719346,0.6875,5.288383638,3.468596779,6.461373698,0.923076923,5.464101992,8.731295012,8.167453378,8.325435488,5,7.298730591,7.52789375,10,4.111567446,6.217046292,7.597284721,6.287302216
1980,BGR,Bulgaria,5.65,40,2,9.040147781,5.367847411,0,6.743014809,8.7,8.2,1,7.248057119,6.277619701,7.542,7.358,0,5.45575,7.413333334,0,0,2.471111111,0,4.024914099
1980,TCD,Chad,4.79,75,4,4.117647059,9.897820163,0,5.243148105,4,5.8,0.793103448,4.183245383,8.404836178,9.764,8.254,0,6.605709045,7.683333333,9.6,0,5.155555556,2,4.210715746
1980,HRV,Croatia,5.53,88,4,2.130049633,5.439776452,7.625,4.811660062,3.175000042,8.333333333,0.962962963,6.369018817,3.10479228,3.432892394,2.1,5,2.7125,7.531666667,2.1,0.5,6.146805556,1.088584595,5.279621619
1980,CZE,Czech Rep.,6.1275,68,3,3.033694476,0.599455041,10,3.574573279,8,8.25,0.962962963,6.884402982,7.451197338,6.212497673,8.406037374,5,6.767433096,8.363055556,10,0,8.049692824,0,3.993653813
1980,EST,Estonia,6.74375,44,2,5.110691197,6.261709675,8,5.482717994,5.217137794,6.666666667,1,7.263686151,3.120460676,6.914,6.074,5,6.6235,9.783333333,2.5,2,4.761111111,1.25,7.0704017
1980,GNB,Guinea-Bissau,2.955,113,4,6.417929108,0,0,4.481480896,2.05,1.55,0.794871795,2.207582357,0.667944801,8.608,7.674,0,5.427333333,5.47625,6.2,0,3.740801282,4.02027027,3.822054279
1980,GUY,Guyana,3.7025,102,4,2.820863173,0,2,3.757680471,3,0,0.923076923,2.145199259,8.547301113,7.072,7.644,0,5.815825278,8.8,0,0,2.933333333,3.023023023,6.079086752
1980,LVA,Latvia,6.265,62,3,6.752856514,5.411198577,5.875,5.327186266,3.770316483,8.333333333,1,6.819444379,2.614599133,8.176,6.839,5,5.56775,9.035,2.4,2,8.707165,6.743366562,5.418705279
1980,LTU,Lithuania,6.01375,30,1,4.532661132,7.157863185,9.3359375,5.568609426,3.345534509,7.8125,1,1.870150158,2.802649113,2.284769429,8.075,5,6.075625,8.40862548,2.5,2,8.614812533,1.10985986,5.293072926
1980,NAM,Namibia,5.085,77,3,3.399944254,9.250539171,0,1.699972127,1.6325,4.975,0.25,2.472452167,7.343598035,7.472,6.684,0,4.718666667,8.12,7.2,2,5.706481482,7.815893972,6.773103306
1980,OMN,Oman,6.415,27,2,0,9.591280654,0,4.897820163,4.7,7.45,0.586206897,4.385129589,9.350268754,2.244,0,10,5.398567189,9.283333333,10,2,7.094444445,8.894894895,7.135122503
1990,AGO,Angola,4.021640625,140,4,2.288764387,8.638600562,0,3.642454983,4.114583333,5,1,3.151552825,1.202583249,0,5.92759702,1.6796875,2.202466942,8.39383125,10,2.377067419,6.198338986,7.114583334,4.911930052
1990,ARM,Armenia,7.34359375,39,2,8.343860804,8.504512943,4.75,7.837093437,3.188199158,5,1,5.130290453,8.534192876,9.02510075,9.023009005,10,9.145575658,8.550972222,10,6.755481497,7.57838607,9.329108639,7.030096477
1990,AZE,Azerbaijan,6.1309375,94,3,7.072602459,7.08719346,0.75,5.28994898,3.463210378,6.463828125,0.923076923,5.463041497,8.732266235,8.1697875,8.32919387,5,7.29808336,7.518875,10,4.099137857,6.212700191,7.577975592,6.285925709
1990,ALB,Albania,4.58,89,4,4.871064272,3.514986376,5,4.193025324,4.6,6.7,0.962962963,5.116110717,4.783684257,9.62,9.9998,0,6.539933333,5.906666667,0,0,5.891965812,0,2.4732
1990,DZA,Algeria,3.33,106,4,5.191464401,8.126946303,4,4.5957322,3.2,3.3,0.666666667,2.91850178,9.350155004,5.532,3.12,0,4.500538751,5.08,0,0,1.693333333,0.871632402,2.933400959
1990,ARG,Argentina,4.47,92,4,8.529411765,8.174386921,4,6.175949671,5.3,8.3,0.888888889,5.696758173,0,0,0,10,2.5,3.193333333,10,0,4.397777778,3.695362029,3.577418514
1990,AUS,Australia,7.73,10,1,5.197930527,7.220708447,6,5.354659743,8.6,10,1,7.860027027,8.059111788,9.192,9.348,10,9.149777947,6.457777778,10,8,8.152592593,9.67634301,8.117488172
1990,AUT,Austria,6.95,24,1,4.404200196,4.032697548,2,3.109224436,10,10,1,8.3465,9.462003202,9.748,9.31,10,9.6300008,7.917777778,10,5,7.639259259,7.462462462,6.046668731
1990,BHS,Bahamas,6.44,33,2,7.176470588,9.863760218,7,8.510057702,5.9,6.7,0.945945946,5.545083971,9.383828563,9.32,9.368,0,7.017957141,3.6,7.4,0,3.666666667,9.843918259,7.446986557
1990,BHR,Bahrain,6.62,29,2,0,9.644529301,4,5.911132325,5.9,6.7,0.536585366,4.378587648,9.601192228,6.916,8.632,10,8.787298057,9.266666667,10,2,7.088888889,8.489155822,6.935628088
1990,BGD,Bangladesh,4.45,93,4,10,9.277929155,2,7,1.9,1.7,0.777777778,2.168662367,9.622226918,9.16,9.026,0,6.952056729,0.644444444,0,0,0.214814815,5.759092426,5.905158834
1990,BRD,Barbados,5.99,41,2,4.685759006,10,8,6.421439751,5.9,6.7,0.871794872,5.333786255,9.12374642,8.644,8.91,0,6.669436605,6.06,8,0,4.686666667,8.245578912,6.843689374
1990,BEL,Belgium,7.56,12,1,6.44029517,3.324250681,6,4.191136463,10,10,1,8.3465,9.965819788,9.62,9.372,10,9.739454947,8.457777778,10,10,9.485925926,8.402572894,6.015098947
1990,BLZ,Belize,5.9,45,2,5.617078614,9.809264305,0,4.85658573,5.581101792,0,0.837837838,6.442286013,9.294252702,8.808,9.948,0,7.012563175,2.8,5,5,4.266666667,9.93843822,7.482663352
1990,BEN,Benin,4.54,90,4,8.335729621,10,0,4.16786481,3.8,5.3,0.111111111,2.453761847,9.184152452,8.336,8.778,0,6.574538113,2.726666667,9.2,0,4.142222223,6.252919586,4.95919763
1990,BOL,Bolivia,5.62,51,2,7.863106785,9.373297003,0,6.809100947,3.9,1.7,0.888888889,2.993373809,5.616635633,0,6.748,10,5.591158908,7.563333333,9.4,2,6.321111111,9.333333333,6.3735425
1990,BWA,Botswana,5.92,44,2,1.633351814,8.337874659,6,4.742806618,5.9,8.3,1,6.275098081,8.004152181,6.552,8.794,0,5.837538045,6.293333333,8.6,5,6.631111111,6.333333333,6.1219075
1990,BRA,Brazil,4.23,98,4,4.545425089,7.220708447,7,6.066533384,7.3,6.7,1,6.185587054,0,0,0,0,0,4.844444444,8,0,4.281481481,4.403473717,4.593553525
1990,BGR,Bulgaria,4.17,99,4,4.908826127,2.72479564,0,2.544540589,8.6,8.3,1,7.248044027,7.38,5.64,4.762,0,4.4455,8.426666667,0,0,2.808888889,3.517975858,3.801068783
1990,BDI,Burundi,4.66,87,4,8.745493329,9.351555352,0,4.372746665,3.8,5.3,0.862068966,4.112166405,9.970609921,7.224,8.802,0,6.49915248,1.3,8.8,0,3.366666667,3.258591925,4.961338669
1990,CMR,Cameroon,5.5,55,2,7.041366384,9.400544959,4,5.235477836,4,5.148809524,0.555555556,4.502263974,8.979095078,9.38,9.672,0,7.007773769,6.4,9.2,0,5.2,4.84818181,5.561333345
1990,CAN,Canada,8.17,6,1,3.345392331,5.885558583,10,5.807737728,10,10,1,8.3465,9.699413181,9.648,9.378,10,9.681353295,7.933333333,10,8,8.644444444,9.73640307,8.393214035
1990,CAF,Central Afr. Rep.,4.87,80,3,7.407610454,9.624478457,2,4.703805227,3.8,5.3,0.666666667,3.680642771,9.900536932,8.86,9.546,0,7.076634233,2.966666667,9.2,0,4.055555556,6.292292292,4.848241456
1990,TCD,Chad,5.13,67,3,8.664546024,9.891008174,0,6.185184733,3.8,5.3,0.793103448,3.959863946,8.813409671,6.188,7.718,0,5.679852418,7.4,9.2,0,5.533333333,4.762095429,4.270664825
1990,CHL,Chile,6.61,30,2,7.758674498,7.27520436,7,6.508469715,7.3,6.7,0.777777778,5.498299604,6.519706162,8.34,5.752,10,7.65292654,8.177777778,10,2,6.725925926,8.426426426,6.686296547
1990,CHN,China,4.09,100,4,5.936801765,8.283719346,0,3.645600588,4.6,8.3,1,5.788625108,9.181245945,8.864,8.864,0,6.727311486,3.157777778,0,5,2.719259259,0,1.578483333
1990,COL,Colombia,5.02,68,3,7.776873745,9.128065395,4,7.226234785,4.6,1.7,1,3.412691108,6.206606726,9.092,4.29,0,4.897151681,5.531111111,6.6,0,4.043703704,8.202869536,5.503751891
1990,COD,"Congo, Dem. R.",3.12,108,4,8.030398451,9.918256131,4,5.737163645,1.9,1.7,0.333333333,1.626496774,0,0,0,0,0,4.896666667,6,2,4.298888889,2.882882883,3.938803851
1990,COG,"Congo, Rep. Of",4.77,84,3,6.422176333,9.422815172,4,4.807392111,1.9,3.3,0.793103448,2.70375718,9.813945259,4.196,9.846,0,5.963986315,4.533333333,9.2,0,4.577777778,5.452118785,5.789290866
1990,CRI,Costa Rica,6.98,22,1,5.043458949,8.773841962,7,7.204325228,5.3,6.7,1,5.455877595,8.655598831,8.684,6.286,10,8.406399708,5.631111111,10,5,6.877037037,8.502502503,6.940665826
1990,CIV,Cote d'Ivoire,4.91,76,3,6.1961968,9.460453178,2,4.065398933,5.9,4.2,0.666666667,3.999282568,9.175260291,9.344,9.096,0,6.903815073,3.066666667,9.2,0,4.088888889,6.389723056,5.514104442
1990,CYP,Cyprus,5.87,47,2,5.167048127,7.874659401,8,5.385426882,8.6,6.7,0.897435897,6.329903103,9.450497632,9.712,8.946,0,7.027124408,5.473333333,9,0,4.824444444,8.832832833,5.807174835
1990,DNK,Denmark,7.16,16,1,1.691014454,3.978201635,7,3.167304022,10,10,1,8.3465,8.797006032,9.716,9.32,10,9.458251508,8.48,10,5,7.826666667,9.344215503,7.003345252
1990,DOM,Dominican Rep.,4.42,94,4,9.999527946,9.727520436,7,6.681762095,3.2,8.3,0.888888889,5.007588128,4.701831761,3.48,0,0,2.04545794,5.113333333,0,2,2.371111111,5.989322656,5.99205981
1990,ECU,Ecuador,5.47,57,3,8.482480791,9.509536785,7,8.248004394,4.6,6.7,0.888888889,4.923049935,2.615386278,3.292,0,10,3.976846569,3.304444444,10,2,5.101481481,6,5.1153675
1990,EGY,Egypt,4.41,95,4,7.765737896,7.711171662,0,4.369227389,3.2,3.3,0.777777778,3.113068565,8.934529619,7.376,6.312,10,8.155632405,3.122222222,0,0,1.040740741,6.790808211,5.38709855
1990,SLV,El Salvador,4.81,81,3,8.813413544,9.754768392,7,6.892045484,0.5,1.7,1,1.953272189,8.479745786,7.02,5.506,0,5.251436447,6.523333333,5.2,2,4.574444444,8.64964965,5.375272786
1990,FIN,Finland,6.99,20,1,3.326168708,5.776566757,6,4.150683866,10,10,1,8.3465,8.617474568,9.632,8.836,10,9.271368642,8.006666667,10,2,6.668888889,9.323323323,6.519099162
1990,FRA,France,7.04,19,1,4.846038237,3.269754768,4,3.528948251,10,8.2,1,7.734517,9.723334622,9.644,9.382,10,9.687333655,8.457777778,10,5,7.819259259,9.009676343,6.421775672
1990,GAB,Gabon,5.39,59,3,5.52192736,9.809264305,8,6.082797916,7.3,3.3,0.75,4.341418422,9.607941982,5.168,6.928,0,5.425985496,6.8,9.2,0,5.333333333,5.432098765,5.781734259
1990,DEU,Germany,7.64,11,1,4.352941176,5.258855586,7,5.152949191,10,10,1,8.3465,9.680950112,9.52,9.46,10,9.665237528,8.435555556,10,10,9.478518519,7.645979313,5.562052156
1990,GHA,Ghana,4.95,74,3,8.867496548,9.427792916,0,4.823822366,4.6,8.3,1,5.788625108,4.462014978,8.004,5.8688,0,4.583703744,4.383333333,8.6,0,4.327777778,3.929262596,5.21448499
1990,GRC,Greece,5.95,42,2,6.691122303,4.550408719,4,4.810382756,7.3,8.3,1,6.761571054,7.052703622,9.052,6.466,5,6.892675906,8.413333333,9.4,2,6.604444444,5.634634635,4.660504817
1990,GTM,Guatemala,5.81,48,2,9.617584311,9.645776567,7,8.065840219,1.9,1.7,0.777777778,2.168662367,7.152529896,3.94,6.244,10,6.834132474,4.333333333,10,5,6.444444444,8.072513185,5.520190283
1990,GNB,Guinea-Bissau,2.9,110,4,8.649950375,0,0,4.324975188,3.2,1.7,0.794871795,2.626093198,0,0,3.538,0,0.8845,6.1125,8.2,5,4.468269231,3.873873874,3.772936336
1990,HTI,Haiti,4.96,73,3,9.535332022,9.032016349,2,6.845110674,0.5,1.7,0.891891892,1.847689909,8.939331569,7,7.918,10,8.464332892,5.533333333,0,0,1.844444444,4.96996997,5.818257858
1990,HND,Honduras,5.7,50,2,6.997058824,9.536784741,4,6.383460891,3.2,3.3,0.888888889,3.30763535,7.229524208,7.344,8.95,10,8.380881052,6,10,0,5.333333333,7.768768769,5.079725506
1990,HKG,Hong Kong,8.73,1,1,8.358534016,9.891008174,10,9.312385548,6.6,6.7,1,5.942350568,8.36,8.86,8.858,10,9.0195,9.911111111,10,10,9.97037037,9.93993994,9.42971997
1990,HUN,Hungary,4.89,78,3,7.427348096,2.316076294,0,2.935856098,8.6,8.3,1,7.248044027,7.331074453,6.868,8.818,0,5.754268613,6.086666667,5.6,0,3.895555556,4.401735068,4.614634505
1990,ISL,Iceland,6.92,25,1,4.743062832,7.384196185,7,6.031814754,10,10,1,8.3465,5.773706442,8.812,3.74,10,7.081426611,7.86,10,2,6.62,6.276276276,6.538665916
1990,IND,India,4.79,83,3,7.153729012,8.365122616,2,4.879712907,7.3,3.1,0.777777778,3.898344049,8.58443093,9.42,8.496,0,6.625107732,0,8,0,2.666666667,5.520081882,5.887540941
1990,IDN,Indonesia,6,40,2,7.929423318,9.591280654,4,7.130175993,6.6,3.3,0.555555556,3.669854665,8.026475495,7.86,9.144,10,8.757618874,5.884444444,10,0,5.294814815,7.083083083,5.171154904
1990,IRN,Iran,4.29,97,4,7.302203668,8.9373297,4,5.059883342,1.2,1.7,0.555555556,1.708395637,8.186531684,8.732,9.054,10,8.993132921,6.146666667,0,0,2.048888889,3.126423958,3.653276539
1990,IRL,Ireland,7.06,18,1,5.801473267,5.422343324,10,5.555954148,10,8.3,1,7.734517,9.249926402,8.972,8.964,0,6.796481601,7.88,9.8,5,7.56,8.772074817,7.651412408
1990,ISR,Israel,4.48,91,4,2.08829952,5.585831063,10,3.724710194,7.3,1.7,0.962962963,4.304421553,5.48248806,5.316,0,5,3.949622015,9.386666667,9.2,2,6.862222222,3.808475142,3.577998682
1990,ITA,Italy,6.75,27,1,5.216420282,3.10626703,4,3.330671828,10,8.3,1,7.734517,9.20090137,9.724,8.198,10,9.280725342,8.48,10,5,7.826666667,6.931931932,5.564403466
1990,JAM,Jamaica,5.62,51,2,6.352121082,9.591280654,8,7.485850434,5.3,3.3,1,4.231911595,7.757255553,8.204,3.862,0,4.955813888,6.6,4.6,2,4.4,8.722722723,7.023788498
1990,JPN,Japan,7.94,8,1,7.802921823,7.002724796,7,5.826411655,10,8.3,1,7.734517,9.955747295,9.664,9.576,10,9.798936824,8.233333333,10,8,8.744444444,7.969636303,7.587130651
1990,JOR,Jordan,5.43,58,3,4.369435647,9.128065395,6,6.124375261,4.6,3.3,0.555555556,3.102302863,8.363287858,6.744,9.71,0,6.204321965,4.633333333,7.8,2,4.811111111,5.797036857,6.93187954
1990,KEN,Kenya,5.37,60,3,4.959764836,9.373297003,2,4.83326546,3.2,8.3,0.888888889,5.007588128,8.845073997,9.444,8.354,0,6.660768499,2.806666667,8.8,0,3.868888889,7.328995662,6.497722735
1990,KOR,"Korea, South",6.38,34,2,7.096033361,9.346049046,8,6.485520602,8.6,3.3,1,5.448094027,9.106989568,9.224,8.018,0,6.587247392,7.464444444,9.8,5,7.421481481,8.333333333,5.96235
1990,KWT,Kuwait,4.98,71,3,0,7.457765668,2,3.152588556,1.9,2.5,0.592592593,2.172086999,9.952302367,4.552,8.034,10,7.512767456,9.2,10,2,7.066666667,7.5,4.98955
1990,LUX,Luxembourg,8.07,7,1,6.539369348,2.888283379,8,4.731913182,10,10,1,8.3465,9.272050467,9.52,9.316,10,9.527012617,8.524444444,10,10,9.508148148,10,8.241816667
1990,MDG,Madagascar,4.35,96,4,9.253638763,9.754768392,0,6.336135718,1.9,3.5,0.555555556,2.401565571,7.374462645,8.076,7.708,0,5.789615661,1.733333333,8.6,0,3.444444444,3.086419753,3.763994352
1990,MWI,Malawi,5.32,62,3,6.65010562,9.482288828,4,5.783098612,5.9,3.3,0.888888889,4.226528743,7.170322945,7.348,7.83,0,5.587080736,6.58,7.2,2,5.26,5.349349349,5.750500285
1990,MYS,Malaysia,7.26,14,1,5.582330678,9.482288828,4,6.266154876,6.6,8.3,0.777777778,5.794075172,8.686910832,7.92,9.41,10,9.004227708,6.755555556,10,5,7.251851852,7.812812813,8.003656406
1990,MLI,Mali,5.2,66,3,7.313598227,9.972752044,2,6.428783424,1.9,3.3,0.714285714,2.58491071,9.095248928,9.364,9.454,0,6.978312232,5.966666667,9.2,0,5.055555556,6.523189857,4.935394319
1990,MLT,Malta,5.54,54,2,5.325119372,5.885558583,6,4.302669489,5.9,3.3,1,4.475148081,9.995452746,9.744,9.358,0,7.274363186,6.733333333,9.6,2,6.111111111,4.809476143,5.546723794
1990,MUS,Mauritius,6.12,38,2,7.23627293,8.991825613,4,6.807024636,5.9,8.3,1,6.275098081,7.471703837,9.368,7.976,0,6.203925959,3.137777778,8.4,2,4.512592593,8.125458792,6.798349735
1990,MEX,Mexico,6.26,35,2,8.601810757,9.254744434,7,7.964138798,7.3,8.3,1,6.761571054,0,0,4.374,10,3.5935,7.882222222,10,5,7.627407407,5.58139074,5.331378703
1990,MAR,Morocco,4.98,71,3,6.122771613,9.509536785,8,5.9080771,4.6,3.3,0.444444444,2.880709799,8.08537442,9.056,8.868,0,6.502343605,4.783333333,7.4,2,4.727777778,6.085085085,4.895848078
1990,MMR,Myanmar,2.66,113,4,8.294170822,0,2,5.764723608,3.2,3.3,0.926829268,3.374072789,7.459379037,3.164,6.292,0,4.228844759,0,0,0,0,0.496726802,3.038143273
1990,NAM,Namibia,4.9,77,3,1.497476636,9.264305177,4,4.920593938,0,3.3,0.333333333,1.556444666,7.388680942,7.988,8.332,0,5.44,6.137777778,9.4,2,5.845925926,7.684684685,6.729080841
1990,NPL,Nepal,5.37,60,3,8.998998674,9.619437585,2,5.499499337,5.035899215,0,0.555555556,4.115926903,7.706078477,9.484,7.858,0,6.262019619,4.806666667,6.8,0,3.868888889,5.558892226,5.829592768
1990,NLD,Netherlands,7.56,12,1,5.925594167,2.316076294,10,4.935417615,10,10,1,8.3465,9.451655871,9.584,9.538,10,9.643413968,8.435555556,10,8,8.811851852,9.259259259,6.04569213
1990,NZL,New Zealand,7.86,9,1,5.537422879,2.643051771,6,5.295118662,10,10,1,8.3465,7.24744533,7.844,9.46,10,8.637861333,6.562222222,10,10,8.854074074,9.58958959,8.182407295
1990,NIC,Nicaragua,2.87,111,4,0,8.283378747,2,3.427792916,4.7,3.3,0.888888889,3.767082047,0,0,0,0,0,6.086666667,8,0,4.695555556,0,2.4732
1990,NER,Niger,4.66,87,4,7.628230658,9.99084639,0,3.814115329,3.2,8.3,0.285714286,3.408526373,9.780731362,8.86,9.68,0,7.08018284,3.466666667,9.2,0,4.222222222,6.126126126,4.785521622
1990,NGA,Nigeria,3.5,105,4,5.479619333,9.825148112,0,2.493206444,3.2,1.7,0.925925926,2.817839686,6.055233402,1.928,8.568,0,4.137808351,3.491111111,5.4,0,2.963703704,3.56289623,5.076199089
1990,NOR,Norway,6.99,20,1,3.060674022,2.697547684,4,2.939555426,10,10,1,8.3465,6.774791473,8.912,9.226,10,8.728197868,8.633333333,10,8,8.877777778,8.509175843,6.076325421
1990,OMN,Oman,6.2,36,2,0,9.346049046,0,4.836512262,4.6,6.7,0.586206897,4.134163637,9.465958884,4.54,6.676,10,7.670489721,9.333333333,10,2,7.111111111,9.284866281,7.23597099
1990,HRV,Croatia,5.68,86,4,2.194765694,5.282099757,7.5,4.654579196,3.166666706,8.333333333,0.962962963,6.331426292,4.139723041,4.577189859,0,5,2.5,7.72,0,0,6.266111111,0,5.541426023
1990,EST,Estonia,6.915,40,2,5.741254318,6.20544033,8,5.571455154,5.173910235,6.666666667,1,7.20617923,4.160614234,5.176,3.27,5,4.482,9.773333333,0,0,3.257777778,0,7.118381897
1990,GUY,Guyana,4.135,101,4,7.10902559,0,2,4.036341863,1.2,1.4,0.923076923,3.281433758,1.865524309,0,6.898,0,2.190881077,6.828333334,8.2,5,4.929957265,4.614614615,6.174090097
1990,LVA,Latvia,6.46,57,3,7.649827714,5.489227531,5.5,5.298575619,3.779739187,8.333333333,1,6.864838077,3.452798844,7.444,6.852,5,6.432,8.893333334,0,0,8.602886667,7.315905174,5.782552691
1990,CZE,Czech Rep.,6.25,67,3,3.031168727,0,10,3.828420829,8.6,8.3,0.962962963,7.113820989,7.934929784,6.65533023,8.568716498,5,7.039744128,8.334444445,10,0,8.10086358,0,3.415992467
1990,LTU,Lithuania,6.195,14,1,4.339535421,7.109666809,9.34375,5.545424726,3.316555607,7.916666667,1,0.308787011,3.736865485,3.046359239,9.97,5,7.485,8.427056195,0,0,8.558268563,0,5.548653896
2000,AGO,Angola,4.0265625,140,4,2.281767366,8.639960831,0,3.640576066,4.114583333,5,1,3.151616736,1.230550301,0,5.948037177,1.71875,2.22433437,8.393813889,10,2.375231148,6.197875578,7.125,4.916768013
2000,ARM,Armenia,7.344375,39,2,8.348155499,8.508514986,5,7.839167621,3.133641277,5,1,5.120300374,8.556846161,9.016216742,9.003274162,10,9.144084266,8.570555555,10,6.786050755,7.590050847,9.323775104,7.031955729
2000,AZE,Azerbaijan,6.13375,93,3,7.097647932,7.08719346,1,5.296210348,3.441664774,6.473645833,0.923076923,5.458799516,8.736151128,8.17912399,8.344227398,5,7.295494434,7.4828,10,4.049419505,6.19531579,7.500739076,6.280419682
2000,ALB,Albania,6.53,73,3,9.097058824,7.801094455,6,7.63271776,2.293010753,3.333333333,0.962962963,5.399486999,9.567368513,5.027770263,9.989996373,5,7.396283787,6.113333333,10,1.538461538,5.883931624,5.35982041,6.335261045
2000,DZA,Algeria,4.91,115,4,4.529411765,8.414655549,4,5.648022438,3.275,3.333333333,0.666666667,3.021813439,7.947005408,5.135981232,9.931853704,5,7.003710086,4.94585255,7.78,1.666666667,5.348129804,2.261628337,3.546702551
2000,ARG,Argentina,7.34,37,2,6.877626783,7.222881006,10,7.775126947,3.71741,8.333333333,0.888888889,5.237369929,9.503391316,9.520434316,9.812812118,10,9.709159437,7.467625183,10,6.577694423,7.617734485,7.315676812,6.342809769
2000,AUS,Australia,8.19,8,1,4.794117647,7.093439968,10,6.221889404,8.26832,10,1,8.870259154,9.192604002,9.310817946,9.104963385,10,9.402096333,8.433333333,10,6.108096538,8.310559135,10,8.124555188
2000,AUT,Austria,7.96,14,1,4.158823529,2.933240206,10,4.773015934,8.65173,10,1,8.7578229,9.179728092,9.801713238,9.529907603,10,9.627837233,9.180390001,10,8.113668462,9.111234616,9.746959225,7.543134353
2000,BHS,Bahamas,6.66,64,3,5.176470588,8.967302452,7,7.78594326,3,6.666666667,0.945945946,6.175473137,8.051719315,9.639540767,9.791271347,0,6.870632857,3.333333333,10,1.538461538,4.957264957,10,7.5059
2000,BHR,Bahrain,7.42,34,2,3.778910945,9.429787711,4,6.802174664,5.95,8.333333333,0.536585366,5.027469298,9.707092986,6.908963144,9.859029409,10,9.118771385,9.193333333,10,6.923076923,8.904102564,9.337972296,7.256015988
2000,BGD,Bangladesh,5.91,87,3,10,9.277929155,4,8.069482289,2.01707,3.333333333,0.777777778,2.28267845,9.07186899,9.457372084,9.558348758,0,7.021897458,5.191111111,10,2.931815,5.997516528,6.682833154,6.15520637
2000,BRD,Barbados,6.13,80,3,3.911764706,10,10,6.852941176,3,5.403571429,0.871794872,4.870761734,7.890027791,9.398989633,9.512837393,0,6.700463704,6.2,9.8,0,5.333333333,8.369922137,6.890623035
2000,BEL,Belgium,7.76,19,1,3.452685422,3.812843353,10,4.566382194,7.56818,8.333333333,1,7.19720195,9.104065905,9.887835579,9.491072074,10,9.620743389,9.180390001,10,9.165429231,9.301243558,10,8.092512552
2000,BLZ,Belize,6.39,76,3,6.348463428,9.688563306,4,6.679008911,5.580480268,0,0.837837838,6.442286013,8.460489677,8.278770676,9.877196697,0,6.654114263,5.606666667,9.2,0.769230769,5.191965812,8.832429228,6.987483253
2000,BEN,Benin,5.25,109,4,7.448226788,10,2,4.724113394,3.729446344,4,0.111111111,2.008315048,8.048434285,9.255671856,9.166919115,0,6.617756314,7.6,10,0,5.866666667,9.417520341,7.04158209
2000,BOL,Bolivia,6.97,49,2,7.118439829,8.762174366,6,7.970153549,1.65033,5,0.888888889,3.742631879,9.543048333,8.656912624,9.079776546,10,9.319934376,8.624444444,10,7.775305962,8.077141351,9.209683717,5.758968643
2000,BWA,Botswana,7.44,33,2,0,8.038147139,2,4.759536785,5.116304374,6.666666667,1,6.954898006,9.855166397,8.239358496,8.27970297,10,9.093556966,6.84,10,6.923076923,7.940769231,10,8.457480977
2000,BRA,Brazil,5.98,85,3,4.441176471,5.959094532,8,5.975067751,5.08435,3.333333333,1,5.647998391,8.073519982,7.883512489,8.59121517,0,6.13706191,7.177777778,10,4.165760385,6.629734957,6.228698812,5.509460585
2000,BGR,Bulgaria,5.55,105,4,5.235294118,5.805084301,4,4.510094605,3.35067,6.666666667,1,5.807807262,0,0,7.93674804,5,3.23418701,7.848084161,10,5.042106538,7.328906425,8.907016833,6.866898385
2000,BDI,Burundi,4.8,116,4,7.963888529,9.427906344,0,5.797264958,2.533333333,5.239285715,0.862068966,2.800985861,7.668632793,6.951027251,5.138983051,5,6.189660774,1.129881132,10,2.307692308,4.479191146,1.416139983,4.744274712
2000,CMR,Cameroon,5.61,102,4,8,9.567100156,10,6.891775039,4,3.333333333,0.555555556,2.982067288,7.358750343,9.299941787,9.754561974,0,6.603313526,5.08,10,0.769230769,4.712307692,6.666666667,6.872835618
2000,CAN,Canada,8.27,7,1,4.541414487,6.343726567,10,5.971285263,7.98493,10,1,8.59858816,9.308941282,9.341857716,9.450670448,10,9.525367362,8.777692265,10,8.647051731,8.933455582,10,8.329611944
2000,CAF,Central Afr. Rep.,5.09,111,4,8.552941176,9.624344346,2,5.276470588,3.8,4,0.888888889,3.020033155,9.122848102,9.649472844,9.359319817,0,7.032910191,5.582222222,10,0,5.194074074,5.413282962,4.939199321
2000,TCD,Chad,5.43,108,4,9.441176471,9.918256131,0,6.4531442,1.541666667,4,0.793103448,3.084667763,9.668181805,7.65385625,9.235479824,0,6.63937947,6.24,10,0,5.518333333,4.679345074,5.450442706
2000,CHL,Chile,7.36,35,2,7.018763689,6.478507099,6,6.124317697,5.26772,8.333333333,0.777777778,5.92876534,9.583079454,8.396461959,9.231340206,10,9.302720405,8.911111111,10,4.3045825,8.047880486,9.272309694,7.383425626
2000,CHN,China,5.75,96,4,4.058823529,8.276566757,0,3.352941176,3.21731,6.666666667,1,5.677238806,8.903283228,8.629372267,9.948939044,5,8.120398635,7.106666667,10,2.712312885,6.498603638,6.462092631,5.114898493
2000,COL,Colombia,5.67,100,4,4.352941176,8.709209096,0,4.640537568,3.28399,1.666666667,1,4.02621251,8.278086767,8.811069881,8.155577644,0,6.311183573,7.851540072,10,3.9361925,6.997055643,8.700099934,6.388050592
2000,COD,"Congo, Dem. R.",4.01,122,4,9.28973156,10,10,7.44743289,4.698944438,1.666666667,0.333333333,1.497073453,0,0,0,5,1.25,8.7,1.428,2.307692308,4.145230769,6.313827609,5.710177124
2000,COG,"Congo, Rep. Of",4.26,121,4,1.601542166,9.550408719,4,4.537987721,1.975,3.333333333,0.793103448,1.904109783,7.238457985,0.100793478,9.83113331,0,4.292596193,7.428888889,10,0,5.80962963,3.493865346,4.752019433
2000,CRI,Costa Rica,7.46,31,1,6.941176471,8.59400545,6,7.13379548,4.5009,6.666666667,1,6.419527945,5.156213526,8.549219345,7.801495143,10,7.876732004,8.4,10,9.6312925,8.632952292,9.21274526,7.254766497
2000,CIV,Cote d'Ivoire,5.78,94,4,8.176470588,9.479564033,6,8.414008655,5.95,5,0.666666667,2.361397219,9.787367176,7.482678744,9.508010022,0,6.694513985,5.768888889,10,0,5.256296296,7.260484714,6.149916637
2000,HRV,Croatia,6.28,78,3,2.45362994,4.651392973,7,4.026255728,3.133333365,8.333333333,0.962962963,6.181056189,8.279446081,9.154379718,9.074128911,5,7.876988678,8.473333333,10,0,6.743333333,8.760075702,6.588643637
2000,CYP,Cyprus,6.64,67,3,6.021822078,6.727520436,8,6.187335629,5.040064103,8.333333333,0.897435897,7.568705574,8.645933813,9.7017374,9.171668471,0,6.879834921,7.993333333,10,0,6.748333333,8.906882578,5.835125096
2000,CZE,Czech Rep.,6.74,62,3,3.02106573,2.354178382,10,4.843811028,5.58445,8.333333333,0.962962963,6.247904486,9.869859568,8.42666046,9.219432996,5,8.128988256,8.22,10,7.034793077,8.305546603,6.944987745,6.159873587
2000,DNK,Denmark,8.06,11,1,1.74239287,3.672866617,10,4.228814872,8.81843,10,1,8.972071729,9.746668156,9.694697006,9.415044172,10,9.714102333,9.180390001,10,8.969574231,9.375216891,10,8.016460999
2000,DOM,Dominican Rep.,6.82,60,2,9.031362463,9.493770876,8,8.881283335,2.90058,5,0.888888889,4.405860634,9.388327118,9.419028528,8.455172868,0,6.815632128,5.775303311,10,6.516447308,6.802187655,9.389995045,7.188825189
2000,ECU,Ecuador,5.86,90,3,7.86246723,9.858310627,10,8.930194464,2.98393,5,0.888888889,3.768051943,4.254336723,5.357186993,0,10,4.902880929,7.144444444,10,7.690720577,7.496369589,4.630844116,4.216726877
2000,EGY,Egypt,6.51,74,3,8.294117647,9.215258856,0,6.127344126,5.1677,6.666666667,0.777777778,4.683762871,9.461827858,9.197040205,9.463238929,10,9.530526748,3.743439672,10,7.308585192,6.700618716,8.037084432,5.519139134
2000,SLV,El Salvador,7.72,20,1,8.699514261,10,8,8.674878565,4.05081,5,1,4.890724736,9.033161278,9.085496537,9.545742486,10,9.416100075,8.023563157,10,8.926659615,8.55644861,9.696007499,7.048021145
2000,EST,Estonia,7.6,23,1,3.725252219,5.980362949,8,5.926403792,5.001,6.666666667,1,6.976151544,8.321228468,7.148018585,9.194811004,10,8.666014514,9.985855842,10,7.819538077,9.139056813,9.333333333,7.310302682
2000,FIN,Finland,7.98,13,1,3.076238599,4.929946812,8,4.501546353,8.91845,10,1,9.114957743,9.484599014,9.382860374,9.326466623,10,9.548481502,9.180390001,10,8.077423077,9.233445353,10,7.512020534
2000,FRA,France,7.47,29,1,1.856770766,3.402564106,8,3.564833718,9.40188,8.333333333,1,7.420774664,8.836959824,9.847365598,9.661691542,10,9.586504241,9.180390001,10,8.007803462,8.974342116,9.785249344,7.824810639
2000,GAB,Gabon,5.71,99,4,7.647058824,9.809264305,10,7.614080782,6.042274848,5,0.75,3.824297862,9.745157089,3.599990879,9.899061739,0,5.811052427,6,10,0,5.333333333,5.853952578,5.947063544
2000,DEU,Germany,7.8,17,1,4.554152459,2.287164139,10,4.96032915,8.8351,8.333333333,1,8.579375453,8.773427736,9.712806519,9.70573313,10,9.547991847,9.180390001,10,9.475034615,9.407817404,8.333333333,6.497549836
2000,GHA,Ghana,5.82,93,4,7.117647059,9.237057221,2,6.08867607,4.041666667,3.333333333,1,4.92296077,7.455827328,5.853849227,4.961356125,5,5.81775817,6.537777778,10,1.538461538,6.560726496,4.927302669,5.685873557
2000,GRC,Greece,6.97,49,2,6.567738807,5.232616099,4,4.950088726,4.8343,5,1,5.376037727,8.696857989,9.211354854,9.366783496,10,9.318749085,9.180390001,10,8.300741346,9.01006492,7.671831318,6.204043863
2000,GTM,Guatemala,6.85,58,2,9.663458249,9.465940054,8,8.532349576,2.18377,3.333333333,1,3.939425988,7.472914497,9.283820625,8.804484531,5,7.640304913,7.933333333,10,7.463151346,7.86589117,8.521172624,6.249422034
2000,GNB,Guinea-Bissau,4.3,120,4,9.112667809,0,0,4.556333905,2.625,1.666666667,0.794871795,2.362661013,1.647063691,3.104065554,8.27273581,0,3.255966264,7.6,10,0,5.866666667,7.333333333,5.459449182
2000,GUY,Guyana,6.45,75,3,5.544117647,0,0,3.848039216,1.997767857,6.666666667,0.923076923,6.492669673,9.251115757,8.468046612,8.770291334,5,7.872363426,6.6,9,6.923076923,7.507692308,8.209136559,6.554103477
2000,HTI,Haiti,7.06,44,2,5.104395528,9.916893733,10,8.340429754,1.036231876,3.333333333,0.891891892,3.43155666,7.865566233,8.375342429,7.258455696,10,8.374841089,8,10,2,6.291666667,9.43873465,8.843589041
2000,HND,Honduras,6.9,56,2,7.42532573,9.046321526,7,8.117911814,2.30046,3.333333333,0.888888889,3.766772914,7.659554712,7.423036606,7.78845314,10,8.217761115,7.828888889,10,6.57242,7.539994306,9.427609597,6.864384808
2000,HKG,Hong Kong,8.92,1,1,7.582613465,9.836512262,10,9.354781432,6.30126,8.333333333,1,7.313297663,9.45761156,7.726907777,9.247311828,10,9.107957791,9.933333333,10,9.573379615,9.722734904,9.699872767,9.081189112
2000,HUN,Hungary,7.01,47,2,7.862422368,5.037141574,10,6.349890986,5.53444,6.666666667,1,6.731454154,7.618265642,7.969772963,8.04028307,5,7.157080419,7.309398204,10,4.5282125,7.588774343,8.884799553,7.22021655
2000,ISL,Iceland,7.99,12,1,3.439101551,8.339105835,7,6.069551846,7.61819,10,1,8.714227741,8.15886454,9.610841301,8.967918209,10,9.184406012,8.021892361,10,6.246325,8.202677257,8,7.791291085
2000,IND,India,6.22,79,3,6.735294118,8.592842239,4,6.832034089,3.26732,6.666666667,1,5.299838626,9.028766842,9.29242168,9.198113208,0,6.879825432,4.344444444,10,2.02424,5.740221528,6.834022471,6.341927402
2000,IDN,Indonesia,5.86,90,3,8.979908166,8.302001956,7,7.57047753,3.13396,3.333333333,0.666666667,2.840559908,5.562557114,0,9.256324041,10,6.204720289,7.882225693,10,4.830215,7.176122257,7.405421425,5.513482151
2000,IRN,Iran,5.57,104,4,4.677161707,9.520404602,4,4.924391577,5.532465832,6.666666667,0.555555556,4.854879381,7.14695623,7.730797908,7.104649736,10,7.995600969,8.337777778,8.860759494,0,5.732845757,4.666666667,4.325152973
2000,IRL,Ireland,8.08,10,1,5.329723314,4.201700983,10,6.132856074,7.0014,10,1,7.959343082,9.390105729,9.423231502,8.887033945,10,9.425092794,9.180390001,10,8.60825,9.136947917,9,7.758431657
2000,ISR,Israel,6.84,59,2,2.18135365,3.923705722,10,4.651264843,6.53464,8.333333333,0.962962963,6.778890104,9.072304448,8.503580074,9.771863118,5,8.08693691,9.676666667,10,7.01829,8.659327917,6.059411349,5.999109454
2000,ITA,Italy,7.59,24,1,4.840505286,4.639636959,10,5.620035561,7.80156,10,1,7.247507165,8.942772202,9.427640873,9.492462692,10,9.465718942,9.180390001,10,8.3629475,8.992276458,8.212196857,6.634172546
2000,JAM,Jamaica,7.53,27,1,6.087633609,10,10,8.521908402,4.10082,3.333333333,1,5.042599037,8.621541832,7.896041898,8.365783288,10,8.720841754,7.282222222,10,8.1804375,7.915808264,8.755208678,7.42441726
2000,JPN,Japan,7.93,16,1,5.043174242,6.811989101,7,5.963790836,7.55151,8.333333333,1,7.939452328,9.087251531,9.645080805,9.857559081,10,9.647472854,8.433333333,10,8.402443846,8.573663045,7.684770795,7.51472701
2000,JOR,Jordan,7.06,44,2,4.752558004,9.556986265,2,6.077386067,6.05121,6.666666667,0.555555556,5.085944485,9.849580084,8.971537287,9.866623815,10,9.671935297,4.353333333,10,8.19961,7.28628625,8.034668739,7.165169502
2000,KEN,Kenya,7.07,43,2,6.147058824,9.209809264,6,7.089217022,3,3.333333333,0.888888889,4.644551814,8.601803946,8.442075635,8.003994969,10,8.761968637,5.788888889,10,5.383,7.042972222,8,7.800789449
2000,KOR,"Korea, South",6.92,53,2,6.373201505,7.68147139,6,6.263668224,5.001,6.666666667,1,6.535198082,9.676574646,8.868479206,9.546933365,5,8.272996804,8.349555239,10,3.5786625,7.213434018,8.333333333,6.334160401
2000,KWT,Kuwait,6.97,49,2,1.407597635,7.079664617,7,6.371815563,4.756157586,8.333333333,0.592592593,5.990378316,9.890389263,2.978211131,9.497509075,10,8.091527367,9.273333333,10,4.614,7.962444444,7.223987889,6.458108104
2000,LVA,Latvia,7.24,39,2,4.935188766,5.801343344,4,5.184133027,3.81743,8.333333333,1,7.046412867,6.805597688,7.930636109,9.469415137,10,8.551412234,8.326666667,10,7.59923,8.185773333,9.606059624,7.237942336
2000,LTU,Lithuania,6.92,53,2,4.441176471,6.916881301,9.375,5.452685924,3.20064,8.333333333,1,7.17181362,7.473730969,6.092718477,9.797979798,5,7.091107311,8.500779057,10,7.810405,8.332092681,6.998297614,6.570977777
2000,LUX,Luxembourg,8.18,9,1,3.147574819,4.465258856,8,4.778208419,7.6,10,1,8.62,9.8094291,9.837661011,9.370525637,10,9.754403937,9.180390001,10,9.564,9.440264167,10,8.305555556
2000,MDG,Madagascar,5.87,89,3,9.754974908,9.862775015,2,7.205916641,2.65,5,0.555555556,3.183574837,7.852277626,8.223461228,7.594083972,5,7.167455706,4.113333333,10,3,5.945,6.22705414,5.85676147
2000,MWI,Malawi,5.05,112,4,6.823529412,9.482288828,0,5.32645456,3.23398,6.666666667,1,5.293784375,5.050052693,2.374285157,4.083702307,0,2.877010039,4.96,10,0.833333333,5.656666667,5.303239418,6.116564917
2000,MYS,Malaysia,6.64,67,3,5.866309093,8.446866485,2,6.078293895,4.23418,5,0.777777778,4.941676665,9.122706055,8.785502021,9.693051953,5,8.150315007,5.916,10,3.6881075,6.817860208,7.950586895,7.208752771
2000,MLI,Mali,5.99,84,3,7.469746655,9.972752044,4,7.147499566,2.708333333,5,0.555555556,3.449300487,9.996543855,8.721143882,9.864467668,5,8.395538851,7.733333333,10,0,6.141666667,4.943736149,4.826821399
2000,MLT,Malta,6.98,48,2,5.097213236,5.915531335,6,6.003186143,4,8.333333333,1,8.368324903,9.943815439,8.512170044,9.526081425,0,6.995516727,8.513677241,9.4,0.769,6.879002644,6.61912411,6.642895388
2000,MUS,Mauritius,7.54,26,1,7.004110746,8.485879925,6,7.372497668,4.80096,6.7,1,6.439452368,9.638951458,9.514901708,9.160142349,10,9.578498879,3.537777778,10,7.83513,7.224674028,9.097220684,7.070073345
2000,MEX,Mexico,6.6,69,3,7.651839655,7.922037524,8,7.143469295,4.38421,3.333333333,1,4.783784117,7.221006404,7.091520243,8.100996172,5,6.853380705,7.484444444,10,5.1194225,7.513626736,9.506800076,6.714481574
2000,MAR,Morocco,5.93,86,3,5.101601778,8.160762943,8,6.31559118,4.428861857,10,0.666666667,5.717963026,8.631376751,9.603104937,9.621073086,0,6.963888693,3.191111111,10,0,5.131111111,7.317885044,5.51954222
2000,MMR,Myanmar,3.65,123,4,8.277398882,0,4,5.759132961,2.617634804,5,0.926829268,2.81252331,6.927288225,5.215187288,9.978166897,0,5.530160603,0,0,0,0,3.418454365,4.140956646
2000,NAM,Namibia,6.65,65,3,2.235294118,9.329700272,4,5.141248598,5.81783,10,1,7.625201283,7.569012567,8.698510593,7.996,0,6.06588079,5.397777778,10,0,5.766111111,9.786411202,8.666126454
2000,NPL,Nepal,5.78,94,4,8.598460356,9.619439714,2,5.299230178,5.034580764,0,0.555555556,4.115926903,9.190133048,9.18914726,9.504235959,0,6.970879067,6.097777778,10,1.818181818,5.971986532,6.254925715,6.534517657
2000,NLD,Netherlands,7.96,14,1,2.538081348,2.786961578,8,3.956260732,9.08515,10,1,8.718330349,9.260103629,9.541890247,9.49524394,10,9.574309454,9.180390001,10,9.5394925,9.482285208,10,8.057112195
2000,NZL,New Zealand,8.58,5,1,4.83660282,6.902012012,10,6.684653708,7.15143,10,1,8.988272761,9.187557944,9.484698945,9.47699874,10,9.537313907,9.010295429,10,8.8916475,9.319462816,9.828519126,8.364033022
2000,NIC,Nicaragua,6.91,55,2,6.722186557,8.533143153,6,6.813832428,2.08375,6.666666667,0.888888889,4.171456323,7.577796216,9.258683908,7.8128,10,8.662320031,8.773333333,10,7.9945875,8.060824792,8.050149843,6.828054487
2000,NER,Niger,5.02,113,4,7.911764706,9.990633515,0,3.955882353,4.101252833,3.333333333,0.285714286,2.643905569,9.044254939,9.543916833,9.419970053,5,8.252035456,7.6,10,0,5.866666667,5.671076117,4.404948258
2000,NGA,Nigeria,5.17,110,4,7.564404619,9.870941605,2,6.188134873,2.51717,5,0.925925926,2.802805677,5.929031848,1.95326753,8.613341569,5,5.373910237,3.76,5.678478825,7.0377525,5.227471164,6.53174238,6.267109916
2000,NOR,Norway,7.36,35,2,2.758101262,4.761804457,2,3.25497643,7.20144,10,1,8.703081395,9.166855294,7.554429859,9.382786418,10,9.026017893,7.554666667,10,7.8409325,8.469928125,9,7.329436636
2000,OMN,Oman,7.47,29,1,1.647058824,9.612170754,0,5.314807394,6.640172773,8.333333333,0.586206897,6.018585476,9.615767089,3.876092572,9.74558,10,8.309359915,9.377777778,10,6.666666667,8.681481481,9.447818575,9.040056167
2010,ALB,Albania,7.35,38,1,8.088235294,7.386920981,7,7.743789069,4.046221272,4.166666667,0.962962963,5.255863188,9.85748656,9.753056785,9.289546522,10,9.725022467,8.450743438,10,3.675338174,7.246923526,7.038538539,6.791307688
2010,DZA,Algeria,5.07,147,4,1.941176471,8.190275298,0,3.37715059,3.469970725,5,0.730769231,3.839109257,8.349198852,6.132009732,9.217391304,5,7.174649972,6.908444444,8.565539984,1.791063787,5.788829752,5.666666667,5.156466891
2010,AGO,Angola,5.3,145,4,3.911764706,7.96274186,0,5.343626641,2.853712729,5,0.962962963,3.672884046,5.117562709,5.057451371,7.105891761,5,5.57022646,8.237022222,10,2.5032326,6.189830635,8.666666667,5.714331831
2010,ARG,Argentina,5.59,139,4,6.135294118,6.119042933,6,5.813584263,2.921977105,4.166666667,0.962962963,4.23403745,7.532735758,9.136862065,4.68,5,6.587399456,5.586577778,10,3.592951135,6.126315993,5.241274608,5.206860284
2010,ARM,Armenia,7.56,23,1,7.720588235,8.046321526,8,8.19172744,4.624827039,5,1,5.55831481,9.635997494,8.716879998,8.363684891,10,9.179140596,8.898222222,10,4.95280081,7.612935093,8.833871843,7.238780407
2010,AUS,Australia,8.02,5,1,4.358823529,6.803814714,10,6.665659561,7.587854513,9.166666667,1,8.085421268,9.126245813,9.332542287,9.430954864,10,9.472435741,8.830488889,10,2.969725917,7.519605968,9.404682797,8.373566089
2010,AUT,Austria,7.62,18,1,4.070588235,2.022070845,10,4.89816477,8.231708884,10,1,8.080429014,9.18714225,9.743813027,9.637293653,10,9.642062233,8.340669778,10,5.354564067,7.905210008,8.92412571,7.581996854
2010,AZE,Azerbaijan,5.97,128,4,4.117647059,8.262088574,0,4.344933908,4.734320926,5.833333333,0.923076923,5.741749521,7.005653534,4.136936109,8.866415374,5,6.252251254,8.134222222,10,3.330455103,6.484205675,8,7.036061706
2010,BHS,Bahamas,7.38,37,1,6.558823529,8.970572207,7,8.132348934,3,7.5,0.945945946,6.392441377,9.932793111,9.529560952,9.731194523,0,7.298387146,3.274533333,10,4.367138472,6.350370589,9.207725837,8.72243216
2010,BHR,Bahrain,7.47,29,1,4.735294118,9.439237057,4,7.043632794,7.863732413,8.333333333,0.536585366,5.376333813,8.560953515,5.400266351,9.607623063,10,8.392210732,8.218666667,10,5.399473471,7.977541696,8.473761531,8.576907821
2010,BGD,Bangladesh,6.35,109,3,9.794117647,9.564032698,8,9.089537586,4.4420206,3.333333333,0.814814815,3.273373282,8.07848469,9.479345882,8.374664722,0,6.483123823,6.414711111,10,2.00326579,6.035643025,8.26336833,6.880711384
2010,BRD,Barbados,6.63,92,3,5.558823529,6.226975477,7,5.946449752,8.044026928,6.666666667,0.871794872,7.289327128,9.222829975,8.255736935,8.835156293,0,6.578430801,5.796444444,10,5.616206545,6.800927055,6.161334063,6.523428247
2010,BEL,Belgium,7.39,36,1,2.532352941,2.427792916,10,3.990036464,7.278483565,8.333333333,0.961538462,6.943191907,9.349401195,9.865377721,9.5622767,10,9.694263904,8.340669778,10,6.094065102,8.19426578,9.602762891,8.121087232
2010,BLZ,Belize,6.52,100,3,6.205882353,8.746933167,6,6.98427184,4.732721667,0,0.837837838,4.003850644,9.79771301,9.303043193,9.82133995,0,7.230524038,6.483555556,10,3.453832547,6.35794859,9.616795364,8.024131178
2010,BEN,Benin,6.05,125,4,6.273529412,9.637057221,2,6.227646658,5.549575315,4,0.862068966,4.2108693,8.729111338,8.945726962,9.538528636,0,6.803341734,6.7956,10,2.236927772,6.095868983,10,6.893659911
2010,BOL,Bolivia,6.35,109,3,6.420588235,8.836512262,0,6.314275124,2.802272165,4.166666667,0.888888889,3.864972735,7.580703035,7.715246875,9.499646595,10,8.698899126,7.924111095,10,4.318131793,7.000048466,9,5.850713379
2010,BWA,Botswana,7.02,67,2,2.029411765,7.164032698,4,5.548361116,6.860499303,5.833333333,0.962962963,6.68051159,8.371074883,6.080354932,8.610224683,10,8.265413624,5.977333333,10,6.463393355,7.061737054,8.280915445,7.562484753
2010,BRA,Brazil,6.46,103,3,4.705882353,7.260741767,8,6.99165603,5.687346925,3.333333333,0.962962963,5.064090706,8.545827234,9.3306478,8.992336611,5,7.967202911,7.200355556,9.782981154,5.124750771,7.147032266,7.052726439,5.152449906
2010,BGR,Bulgaria,7.3,46,2,5.726470588,5.60626703,7,6.458184405,3.822652887,4.166666667,0.961538462,4.8914021,9.885687013,8.643479316,9.512198172,10,9.510341125,9.149869778,10,6.331503204,7.94159321,9.486572417,7.723095181
2010,BFA,Burkina Faso,5.93,131,4,4.5,9.95640327,0,4.81880109,5.487462388,5.833333333,0.962962963,4.252373316,8.40829985,9.237755149,9.847153853,0,6.873302213,7.177822222,10,2.275777379,6.063198052,9.381414062,7.663390407
2010,BDI,Burundi,5.18,146,4,3.5,9.725853594,0,4.408617865,2.840014942,5.219067383,0.862068966,2.776596376,7.478422663,6.828797119,8.719750195,5,7.006742494,4.643293711,10,1.164778669,4.944167461,7.598598599,6.77703339
2010,CMR,Cameroon,6.08,123,4,7.658823529,9.567100156,8,7.431480921,4.380307352,3.333333333,0.75862069,3.518051294,8.324032491,8.877560138,9.744923908,0,6.736629134,5.502133333,10,2.577522829,6.162360216,7.500500501,6.549720573
2010,CAN,Canada,8.01,6,1,3.729411765,6.941689373,7,5.917775285,8.323835326,9.166666667,1,8.155966126,9.54501547,8.638568937,9.644625692,10,9.457052525,7.253288889,10,6.518063683,7.836662449,9.360977172,8.704157754
2010,CAF,Central Afr. Rep.,5.04,149,4,9.323529412,9.650953678,2,6.493620773,3.8,4,0.692307692,1.983152991,8.687443932,9.391290006,9.701353243,0,6.945021795,6.093244444,10,0.769230769,4.657006079,7.434434434,5.118150456
2010,TCD,Chad,5.44,143,4,8.458823529,9.918256131,6,8.12569322,2.611675391,4,0.793103448,2.760481847,9.43502096,6.167638669,9.584,0,6.296664907,6.3126,10,1.767430396,5.031576127,6.034701368,5.002363912
2010,CHL,Chile,7.89,8,1,6.735294118,7.902724796,10,7.909504728,6.727870761,7.5,0.896551724,6.79737643,8.368108746,7.682755055,9.71800705,10,8.942217713,9.466222222,10,5.757234753,8.249969906,8.941045556,7.547726883
2010,CHN,China,6.26,115,3,3.941176471,8.294277929,0,4.5588636,6.736122424,6.666666667,0.962962963,6.131740557,8.572592338,8.63161866,9.337090814,5,7.885325453,8.131022222,10,2.189824739,6.676188805,6.760093427,6.037509682
2010,COL,Colombia,6.74,84,3,5.529411765,8.101634877,10,7.157761661,4.854888896,3.333333333,0.962962963,4.280610813,8.965863016,9.301051361,9.544355968,5,8.202817586,7.307777778,9.023136247,4.884441995,6.944241658,8.487334605,7.129317431
2010,COD,"Congo, Dem. R.",5.38,144,4,8.720588235,8.850408719,2,5.517749239,4.695604448,1.666666667,0.689655172,2.868745032,5.545893805,7.414872473,8.58,10,7.88519157,7.736888889,10,0.384615385,5.165759868,6.333333333,5.47633312
2010,COG,"Congo, Rep. Of",4.74,150,4,5.505882353,9.673478121,2,5.169840119,1.999975586,3.333333333,0.793103448,3.091121497,7.56115273,2.206817936,9,0,4.691992666,7.346177778,10,0.769230769,5.054082422,6.333333333,5.691259167
2010,CRI,Costa Rica,7.28,48,2,5.485294118,9.419618529,10,7.851228162,5.506946638,5.833333333,0.925925926,5.88052357,8.754922274,9.357718247,8.86795387,5,7.995148598,8.145422222,10,7.742471001,8.150426293,7.139186848,6.524113626
2010,CIV,Cote d'Ivoire,5.69,137,4,7.247058824,9.658855586,6,6.351478602,3.544123334,4.166666667,0.793103448,2.646272751,7.81328137,8.753217999,9.664866918,0,6.557841572,6.5956,10,3.335223422,6.354395256,9.192160891,6.528314097
2010,HRV,Croatia,6.68,88,3,4.323529412,4.788010899,8,4.652885078,4.880196833,7.5,0.962962963,5.65509231,9.644360767,9.233863671,9.7903867,5,8.417152785,8.7328,10,5.229360365,7.630212325,8.950250936,7.040679883
2010,CYP,Cyprus,7.73,14,1,5.179411765,6.128065395,10,7.20186929,7.358589001,8.333333333,0.897435897,6.53145202,9.0312688,9.186477836,9.523748327,10,9.435373741,8.340669778,10,6.314230825,8.163739823,8.795321844,7.334038913
2010,CZE,Czech Rep.,7.22,52,2,2.929411765,2.908991826,8,5.209600898,5.144317082,8.333333333,0.962962963,6.043973048,8.800334759,9.279017786,9.718256415,10,9.44940224,8.340669778,10,5.432061425,7.790482772,9.325436163,7.615948016
2010,DNK,Denmark,7.77,13,1,1.029411765,3.389918256,8,3.729832505,8.416141613,10,1,8.665260221,9.483526813,9.359815745,9.540453976,10,9.595949133,8.340669778,10,6.941023438,8.381178078,9.660873221,8.469277731
2010,DOM,Dominican Rep.,7.16,59,2,8.352941176,9.383651226,6,7.934148101,4.79347972,4.166666667,1,4.224577395,9.255754196,8.966145902,8.73401356,10,9.238978414,7.864888889,10,6.166201523,7.715277675,7.840782871,6.663059679
2010,ECU,Ecuador,5.87,135,4,7.420588235,9.591280654,2,6.127967222,3.681358587,4.166666667,0.888888889,3.748784531,7.478033137,8.749845805,9.288775239,0,6.379163545,6.365511111,10,5.952622043,6.873512605,9.302908297,6.239937784
2010,EGY,Egypt,6.35,109,3,7.941176471,6.874659401,4,6.578958968,5.210084692,5.833333333,0.740740741,4.562148762,8.30611768,9.191782815,7.746962347,10,8.81121571,4.962222222,10,3.56152743,6.317940211,5.897366747,5.465332639
2010,SLV,El Salvador,7.21,54,2,8.688235294,9.159673025,8,8.46197708,4.604009905,2.5,1,3.84095926,8.394658587,8.85008462,9.764132846,10,9.252219013,8.172,10,4.679415013,7.447708402,8.516562792,7.049646269
2010,EST,Estonia,7.82,10,1,3.502941176,6.744686649,7,5.936906956,7.173060542,6.666666667,1,7.292900719,9.980144539,8.350269544,9.405186958,10,9.43390026,8.340669778,10,6.791802558,8.407724844,9.995845803,8.004344497
2010,ETH,Ethiopia,5.6,138,4,8.029411765,8.446321526,0,5.868933323,5.726579229,7.5,0.962962963,5.341919464,7.4012282,5.801183649,8.372611774,0,5.393755906,5.114533333,10,1.651786676,5.213971766,4.850581617,6.161673393
2010,FIN,Finland,7.79,12,1,2.714705882,3.723433243,8,4.484534781,9.077048539,10,1,8.848952665,9.109903885,9.601631543,9.756960468,10,9.617123974,8.340669778,10,5.442435526,8.128339758,9.644960185,7.880847131
2010,FRA,France,7.42,35,1,2.964705882,2.667574932,8,4.658070204,8.246185859,8.333333333,0.962962963,7.29500479,9.353667687,9.614721568,9.694072124,10,9.665615345,8.340669778,10,6.32681886,8.087204454,8.87660964,7.404792212
2010,GAB,Gabon,5.54,141,4,2.776470588,9.809264305,4,5.021433723,5.836363362,5,0.75862069,3.826878932,8.813171878,4.087249479,9.707691195,0,5.652028138,6.2976,10,0.769230769,6.045200573,7.095328662,7.175289271
2010,GMB,"Gambia, The",7.24,49,2,8.705882353,9.57951005,4,7.428464134,6.82056791,5.833333333,0.948717949,5.65195493,8.912214113,8.785469842,8.990493747,5,7.922044426,6.472,10,7.01727029,7.50340225,8.96159532,7.701281011
2010,DEU,Germany,7.59,19,1,4.244117647,2.585831063,10,5.457487177,7.876437057,8.333333333,1,7.970010596,8.862872506,9.732591232,9.772514802,10,9.591994635,8.340669778,10,5.549474133,7.891377366,7.927727701,7.018037028
2010,GHA,Ghana,6.75,83,3,8.529411765,9.651771117,4,7.29529572,5.028804485,4.166666667,0.965517241,5.484760021,6.151267184,9.502355034,7.858486376,5,7.128027148,7.150666667,10,4.005969862,6.949753872,7.747179005,6.869894614
2010,GRC,Greece,6.81,82,3,4.823529412,4.051771117,8,5.718825132,5.771029976,7.5,1,5.511663298,9.986802113,9.615679074,9.057666667,10,9.665036963,8.340669778,10,5.050418161,7.565912721,6,5.592688431
2010,GTM,Guatemala,7.15,60,2,8.608823529,9.882833787,7,7.747914329,4.308291313,2.5,0.962962963,3.852488705,9.144161658,9.108774928,9.22809818,10,9.370258692,8.542488889,10,7.422341214,8.153074804,9.11814304,6.633025445
2010,GNB,Guinea-Bissau,5.05,148,4,7.65,0,0,3.825,2.433520508,4.166666667,0.794871795,2.553705844,7.400805369,8.161110227,9.49642972,0,6.264586329,7.4534,10,0.384615385,6.17511447,9.162662663,6.444078123
2010,GUY,Guyana,6.21,117,4,7.25,0,0,4.25,4.424181784,2.5,0.923076923,4.270740172,8.442170446,8.813416964,9.582666667,5,7.959563519,6.4684,10,5.225181213,7.009985934,8.429763096,7.578810106
2010,HTI,Haiti,6.21,117,4,9.952941176,9.916893733,2,7.467458727,1.95785,2.5,0.891891892,2.010113005,6.463290916,6.78111493,8.860697795,10,8.02627591,8.402,10,4.184100021,6.847892261,8.166866867,6.696201938
2010,HND,Honduras,7.21,54,2,6.341176471,10,8,8.210294118,4.55376512,2.5,0.896551724,4.067788267,9.195767045,9.150155622,9.059890014,10,9.35145317,8.443288889,10,5.374383504,7.538659295,9.099941778,6.863251285
2010,HKG,Hong Kong,9.02,1,1,8.055882353,9.477111717,8,8.883248517,8.540568946,8.333333333,1,8.181453474,8.205964693,9.502764114,9.532520325,10,9.310312283,9.995555556,10,8.626231216,9.366210546,10,9.381369521
2010,HUN,Hungary,7.31,45,2,3.214705882,4.545504087,8,4.940052492,5.542252971,6.666666667,0.962962963,6.220531197,9.762874429,9.596890076,9.023912221,10,9.595919181,8.340669778,10,5.806176468,7.951251892,9.452649453,7.820391485
2010,ISL,Iceland,6.48,102,3,1.882352941,7.423978202,7,4.826582786,6.961771944,10,1,8.332241494,5.782382667,8.99647193,8.920699047,0,5.924888411,6.510755556,9.479084451,3.552737538,6.439296398,4.666666667,6.857246087
2010,IND,India,6.39,107,3,6.764705882,8.969257575,6,7.183490864,5.487757858,6.666666667,0.962962963,5.447889669,8.930850626,9.132694237,7.601540616,0,6.41627137,6.383555556,10,2.152356079,6.247575218,6.666893997,6.642355583
2010,IDN,Indonesia,6.85,77,3,7.720588235,9.361580381,7,7.895542154,4.9422025,5,0.896551724,4.247377399,8.659917726,8.31770306,8.97344902,10,8.987767452,7.8864,10,2.911528031,6.77182643,8.154385827,6.332341553
2010,IRN,Iran,5.91,132,4,5.711764706,7.989100817,6,6.675216381,5.630340474,6.666666667,0.517241379,4.38662408,9.796568287,6.936788863,7.972570566,10,8.676481929,4.106666667,10,1.037264358,5.051332581,4.308308308,4.740179733
2010,IRL,Ireland,7.67,16,1,3.411764706,5.267847411,7,4.919903029,8.313150155,10,1,7.793964278,9.225746887,8.888871157,9.810766721,10,9.481346191,8.340669778,10,8.523337337,8.804034698,6,7.338561421
2010,ISR,Israel,7.32,43,2,3.411764706,7.260490463,10,6.168063792,7.145005153,8.333333333,0.962962963,6.043725659,7.176386672,9.19842958,9.461408178,10,8.959056107,7.399777778,10,7.487833966,8.229776297,9.265764545,7.223566176
2010,ITA,Italy,7.19,57,2,4.382352941,3.556948229,10,5.234825293,5.416411104,6.666666667,1,5.947512097,9.331432263,9.629921129,9.692021322,10,9.663343678,8.340669778,10,6.101628363,7.831837323,9.269896274,7.26483373
2010,JAM,Jamaica,6.97,70,2,6.732352941,9.758855586,7,7.622802132,5.519112249,3.333333333,0.925925926,4.696914541,8.182221183,6.240656347,7.478098353,10,7.975243971,7.495555556,10,4.800257957,7.202121206,8.233157778,7.361780288
2010,JPN,Japan,7.59,19,1,4.264705882,3.945776567,8,5.302620612,7.814345319,8.333333333,0.965517241,7.387489055,9.933245314,9.757590923,9.856043683,10,9.88671998,7.135822222,10,5.457100158,7.372619303,8.375731098,7.979881748
2010,JOR,Jordan,7.45,33,1,5.529411765,8.350681199,8,7.345023241,6.977869122,6.666666667,0.482758621,4.793247562,9.456447964,8.043381093,8.997211671,10,9.124260182,6.951111111,10,7.73566508,7.890091784,8.901026624,8.075842025
2010,KAZ,Kazakhstan,6.94,72,2,6.479411765,8.885286104,7,7.841174467,4.292433333,6.666666667,0.962962963,5.557004054,7.20150602,7.200704965,8.576837281,10,8.244762066,6.697866667,10,2.563332158,5.574098273,8.919753086,7.506539811
2010,KEN,Kenya,6.92,75,2,7.205882353,9.789373297,6,7.748813912,4.418786634,3.333333333,0.777777778,4.051963693,7.377342836,8.380433025,9.207722222,10,8.741374521,6.866666667,10,4.520195829,6.84735789,8.478991924,7.226862617
2010,KOR,"Korea, South",7.51,26,1,5.129411765,8.276021798,8,6.851358391,5.920541083,8.333333333,0.962962963,6.381007795,9.571068953,9.322640634,9.414893617,10,9.577150801,5.644444444,10,7.763678749,7.596484634,9.333333333,7.122037745
2010,KWT,Kuwait,6.95,71,2,0.676470588,7.04352078,7,6.179997842,6.628990752,8.333333333,0.592592593,5.650040969,9.066147969,4.001306585,9.195979899,10,8.065858614,8.839555556,10,4.232469775,7.585391111,8.333333333,7.243789596
2010,LVA,Latvia,7.23,50,2,5.176470588,3.907356948,7,5.395956884,5.216164148,8.333333333,1,6.40108096,9.22875834,6.719050295,9.782350143,10,8.932539694,8.340669778,10,6.369162625,8.048768188,8.573166811,7.387239928
2010,LBN,Lebanon,7.21,54,2,8.155882353,8.725613079,10,9.220373858,5.761008101,6.666666667,0.777777778,4.163300655,9.347594047,8.780264985,9.202031707,10,9.332472685,7.094222222,10,5.467553919,7.156266765,5,6.198005341
2010,LTU,Lithuania,7.47,29,1,4.832352941,5.346049046,10,6.794600497,5.580107767,6.666666667,1,6.447794619,9.756329719,7.968463488,9.736428009,10,9.365305304,8.340669778,10,4.910683451,7.649298912,6.666666667,7.082848137
2010,LUX,Luxembourg,7.53,25,1,1.617647059,3.491825613,7,4.027368168,8.821591048,10,1,8.291304627,8.870488732,9.002607077,9.54484994,10,9.354486437,8.340669778,10,6.338879666,8.376560988,9.209186194,7.58351526
2010,MDG,Madagascar,6.41,104,3,8.876470588,10,10,8.969117647,2.968481983,4.166666667,0.862068966,2.883140912,8.797818356,9.466504598,8.150656531,5,7.853744871,6.688577778,10,1.522755061,6.080269678,7.935558692,6.258045263
2010,MWI,Malawi,6.27,114,3,7.144117647,9.769823407,4,7.228485264,5.031666211,5,0.925925926,5.267518714,6.366135313,8.04236965,8.517681814,0,5.731546694,5.947866667,10,4.740328378,6.255716569,7.698331665,6.875903881
2010,MYS,Malaysia,6.85,77,3,5.602941176,8.910081744,2,6.12825573,7.189869724,6.666666667,0.666666667,5.720554014,8.931258761,7.509872624,9.657992565,0,6.524780988,6.923111111,10,5.966206845,7.494621176,9.501932585,8.376229406
2010,MLI,Mali,6.04,126,4,5.314705882,10,4,6.438235294,4.105755452,5,0.724137931,3.872650803,9.379450917,8.294203024,9.778214619,0,6.86296714,7.617822222,10,2.682850828,6.459022674,8.964139984,6.562171768
2010,MLT,Malta,7.59,19,1,4.279411765,5.920980926,6,5.800098173,7.085747167,8.333333333,1,7.517052997,8.588860516,9.870178122,9.696633247,10,9.538917971,8.340669778,10,6.745410426,8.133249069,9.251014285,6.963676694
2010,MUS,Mauritius,7.98,7,1,7.091176471,8.45013624,7,7.885328178,7.058719116,6.7,1,6.205408152,8.824676617,8.866294787,9.421406257,10,9.278094415,9.168622222,10,6.66178868,8.293619724,9.492237345,8.241167082
2010,MEX,Mexico,6.67,89,3,7.285294118,6.53133515,6,6.829157317,5.053989988,3.333333333,1,4.57232917,8.482790086,9.61272056,9.168504361,5,8.066003752,6.575111111,10,4.200698208,7.001688265,8.648148148,6.879256843
2010,MDA,Moldova,6.58,97,3,6.147058824,6.073297003,7,6.555088957,3.862957826,7.5,0.925925926,5.272245135,8.055403293,7.958680035,8.520058361,5,7.383535422,8.636088889,10,3.19597298,6.805250851,9.094989649,6.885592362
2010,MNG,Mongolia,7.06,64,2,6.267647059,7.076021798,10,8.085917214,3.840694015,6.666666667,0.925925926,5.456629506,4.739852149,6.172078796,7.970073715,10,7.220501165,9.131111111,10,4.288970539,6.94182472,9.5,7.578393565
2010,MAR,Morocco,6.41,104,3,4.873529412,8.132970027,8,6.50162486,5.621298333,8.333333333,0.827586207,5.456312439,9.28849273,9.181254277,9.802528934,0,7.068068985,5.546266667,10,4.75426554,6.792199422,7.399396322,6.210811008
2010,MOZ,Mozambique,5.51,142,4,5.764705882,9.007084469,0,5.192947588,4.168436666,5,0.962962963,4.152394808,7.367199499,8.597498929,7.459752036,0,5.856112616,7.976933333,10,2.421912098,6.513438863,8.940630134,5.816535916
2010,MMR,Myanmar,4.06,152,4,7.038235294,0,4,5.346078431,2.592069846,5,0.926829268,3.072222222,7.713532988,6.761158189,8.456323608,0,5.732753696,5.345066667,0,0,1.781688889,5.08301635,4.343591116
2010,NAM,Namibia,6.84,79,3,3.297058824,8.976916862,10,7.068493921,7.279598034,8.333333333,1,6.675736362,8.235705977,8.115125112,9.105981958,0,6.364203262,6.241777778,10,3.963218473,6.556119188,8.666833488,7.556858887
2010,NPL,Nepal,6.2,119,4,8.397058824,9.622343324,7,8.339800716,3.650130767,0,0.777777778,3.422181046,8.335478099,8.719503811,8.003951733,0,6.264733411,6.293733333,10,4.692526813,6.427020256,8.212065073,6.541341917
2010,NLD,Netherlands,7.48,28,1,0.423529412,3.017983651,7,3.360378266,8.055991306,10,1,8.097877015,8.919810299,9.569265978,9.745374031,10,9.558612577,8.340669778,10,7.613891256,8.563572755,8.870125923,7.812290055
2010,NZL,New Zealand,8.33,3,1,4,5.821326575,8,5.705331644,8.074142206,9.166666667,1,8.691439788,9.837044268,9.337198686,9.418231791,10,9.648118686,9.103822222,10,6.715177073,8.669117208,9.611909722,8.919238794
2010,NIC,Nicaragua,7.18,58,2,9.35,9.842506812,6,8.298126703,3.68939615,5.833333333,0.896551724,4.298751016,6.546992985,7.703458654,8.909028908,10,8.289870137,8.486311111,10,6.983493125,7.824875879,9.512197054,7.196807399
2010,NER,Niger,5.91,132,4,7.147058824,9.839237057,10,8.99543196,4.101252833,3.333333333,0.76,3.471649691,7.824931384,8.773575215,9.839185384,0,6.609422996,6.242105408,10,0,4.365887864,9.790718107,6.116992412
2010,NGA,Nigeria,6.12,121,4,8.352941176,9.85953085,2,6.803118007,3.687593597,3.333333333,0.925925926,3.804939989,6.108047472,8.003197676,7.255959631,5,6.591801195,7.2622,9.415670651,3.683608194,6.3861357,8.405812961,7.030212896
2010,NOR,Norway,7.47,29,1,1.814705882,4.877384196,7,4.79802252,8.222664106,10,1,8.654418669,9.934176237,7.82367651,9.520148462,10,9.319500302,6.164444444,10,5.927989998,7.290006107,10,7.307918233
2010,OMN,Oman,7.01,68,2,1.117647059,9.646866485,0,5.191128386,7.540841608,8.333333333,0.586206897,6.01192668,7.574988593,2.213225252,9.359320726,10,7.286883642,7.915555556,10,6.668522196,8.054803514,8.945143761,8.516336302
